"lat","lon","date"
51.4385871887207,-3.17362999916077,"21-07-2025"
51.4385604858398,-3.17365980148315,"21-07-2025"
51.4384384155273,-3.17371988296509,"21-07-2025"
51.438346862793,-3.17373991012573,"21-07-2025"
51.4382095336914,-3.17371988296509,"21-07-2025"
51.438159942627,-3.17371988296509,"21-07-2025"
51.4378890991211,-3.17364001274109,"21-07-2025"
51.4377479553223,-3.17352986335754,"21-07-2025"
51.4376487731934,-3.17348003387451,"21-07-2025"
51.4373168945312,-3.17343997955322,"21-07-2025"
51.4369277954102,-3.17358994483948,"21-07-2025"
51.4367904663086,-3.17365980148315,"21-07-2025"
51.4364280700684,-3.17389988899231,"21-07-2025"
51.4364204406738,-3.17392992973328,"21-07-2025"
51.4364395141602,-3.17419981956482,"21-07-2025"
51.4363479614258,-3.17440986633301,"21-07-2025"
51.4362487792969,-3.1747899055481,"21-07-2025"
51.436149597168,-3.17536997795105,"21-07-2025"
51.4360389709473,-3.17545986175537,"21-07-2025"
51.4357986450195,-3.17557001113892,"21-07-2025"
51.4357490539551,-3.17555999755859,"21-07-2025"
51.4356880187988,-3.17559003829956,"21-07-2025"
51.4355278015137,-3.17582988739014,"21-07-2025"
51.4354095458984,-3.17604994773865,"21-07-2025"
51.4353485107422,-3.1761999130249,"21-07-2025"
51.4353485107422,-3.17625999450684,"21-07-2025"
51.4353103637695,-3.17637991905212,"21-07-2025"
51.4351577758789,-3.17667984962463,"21-07-2025"
51.4348602294922,-3.17743992805481,"21-07-2025"
51.4344482421875,-3.17818999290466,"21-07-2025"
51.4342002868652,-3.17857003211975,"21-07-2025"
51.4338569641113,-3.17901992797852,"21-07-2025"
51.4337692260742,-3.17917990684509,"21-07-2025"
51.4336471557617,-3.1793098449707,"21-07-2025"
51.433406829834,-3.17962002754211,"21-07-2025"
51.4332504272461,-3.17979001998901,"21-07-2025"
51.4331398010254,-3.17986989021301,"21-07-2025"
51.433048248291,-3.17999982833862,"21-07-2025"
51.4328002929688,-3.18020987510681,"21-07-2025"
51.4326095581055,-3.18039989471436,"21-07-2025"
51.4323883056641,-3.18066000938416,"21-07-2025"
51.4323387145996,-3.18069982528687,"21-07-2025"
51.4322891235352,-3.18070983886719,"21-07-2025"
51.4322280883789,-3.1806800365448,"21-07-2025"
51.4321403503418,-3.18057990074158,"21-07-2025"
51.4320678710938,-3.18046998977661,"21-07-2025"
51.4319381713867,-3.18009996414185,"21-07-2025"
51.4318084716797,-3.17957997322083,"21-07-2025"
51.4317893981934,-3.17952990531921,"21-07-2025"
51.4317283630371,-3.17949986457825,"21-07-2025"
51.4316673278809,-3.17951989173889,"21-07-2025"
51.4314994812012,-3.17962980270386,"21-07-2025"
51.4313583374023,-3.17962980270386,"21-07-2025"
51.431209564209,-3.17968988418579,"21-07-2025"
51.4307594299316,-3.18003988265991,"21-07-2025"
51.4305801391602,-3.18025994300842,"21-07-2025"
51.4305076599121,-3.18029999732971,"21-07-2025"
51.4304580688477,-3.18027997016907,"21-07-2025"
51.4304389953613,-3.1802499294281,"21-07-2025"
51.4303092956543,-3.18001985549927,"21-07-2025"
51.4301376342773,-3.17966985702515,"21-07-2025"
51.4300193786621,-3.17932987213135,"21-07-2025"
51.4299697875977,-3.17927980422974,"21-07-2025"
51.4299278259277,-3.17928981781006,"21-07-2025"
51.4298400878906,-3.17933988571167,"21-07-2025"
51.4296684265137,-3.17949986457825,"21-07-2025"
51.4291305541992,-3.17988991737366,"21-07-2025"
51.429027557373,-3.17985987663269,"21-07-2025"
51.4289588928223,-3.17979001998901,"21-07-2025"
51.4289283752441,-3.17978000640869,"21-07-2025"
51.4288597106934,-3.17980980873108,"21-07-2025"
51.4287796020508,-3.17991995811462,"21-07-2025"
51.4287071228027,-3.18008995056152,"21-07-2025"
51.428638458252,-3.18013000488281,"21-07-2025"
51.4286003112793,-3.18018984794617,"21-07-2025"
51.4282569885254,-3.18106985092163,"21-07-2025"
51.4280395507812,-3.18157982826233,"21-07-2025"
51.4277381896973,-3.18235993385315,"21-07-2025"
51.4276390075684,-3.18272995948792,"21-07-2025"
51.4275093078613,-3.18303990364075,"21-07-2025"
51.4274673461914,-3.18324995040894,"21-07-2025"
51.4274673461914,-3.1833598613739,"21-07-2025"
51.427547454834,-3.18349003791809,"21-07-2025"
51.4277687072754,-3.18366003036499,"21-07-2025"
51.4280776977539,-3.18397998809814,"21-07-2025"
51.428409576416,-3.18422985076904,"21-07-2025"
51.4285278320312,-3.18434000015259,"21-07-2025"
51.4285774230957,-3.18436002731323,"21-07-2025"
51.4285774230957,-3.1843798160553,"21-07-2025"
51.4285697937012,-3.18439984321594,"21-07-2025"
51.4285278320312,-3.18442988395691,"21-07-2025"
51.4284782409668,-3.18441987037659,"21-07-2025"
51.4283599853516,-3.18434000015259,"21-07-2025"
51.4283180236816,-3.18436002731323,"21-07-2025"
51.4281578063965,-3.18471002578735,"21-07-2025"
51.4279479980469,-3.18526983261108,"21-07-2025"
51.4278373718262,-3.18567991256714,"21-07-2025"
51.4277191162109,-3.18593001365662,"21-07-2025"
51.427547454834,-3.18637990951538,"21-07-2025"
51.4273986816406,-3.18695998191833,"21-07-2025"
51.4272384643555,-3.18747997283936,"21-07-2025"
51.4271583557129,-3.18768000602722,"21-07-2025"
51.427059173584,-3.1878399848938,"21-07-2025"
51.4270286560059,-3.18796992301941,"21-07-2025"
51.4270172119141,-3.18819999694824,"21-07-2025"
51.4270172119141,-3.18827986717224,"21-07-2025"
51.4270973205566,-3.18835997581482,"21-07-2025"
51.4275703430176,-3.1885199546814,"21-07-2025"
51.4277191162109,-3.18870997428894,"21-07-2025"
51.4278602600098,-3.18881988525391,"21-07-2025"
51.4279174804688,-3.18889999389648,"21-07-2025"
51.427978515625,-3.18901991844177,"21-07-2025"
51.4280471801758,-3.18927001953125,"21-07-2025"
51.4281692504883,-3.18981981277466,"21-07-2025"
51.4282875061035,-3.19018983840942,"21-07-2025"
51.4283790588379,-3.19036984443665,"21-07-2025"
51.4285774230957,-3.19052982330322,"21-07-2025"
51.4286079406738,-3.19059991836548,"21-07-2025"
51.4285583496094,-3.19087982177734,"21-07-2025"
51.428539276123,-3.1912899017334,"21-07-2025"
51.4285087585449,-3.19140982627869,"21-07-2025"
51.428466796875,-3.1914598941803,"21-07-2025"
51.4284172058105,-3.19149994850159,"21-07-2025"
51.4283294677734,-3.19152998924255,"21-07-2025"
51.4281997680664,-3.19150996208191,"21-07-2025"
51.4280586242676,-3.19151997566223,"21-07-2025"
51.4279403686523,-3.19156002998352,"21-07-2025"
51.4277381896973,-3.19165992736816,"21-07-2025"
51.4274787902832,-3.19186997413635,"21-07-2025"
51.427318572998,-3.19203996658325,"21-07-2025"
51.4272575378418,-3.19211983680725,"21-07-2025"
51.4272079467773,-3.19225001335144,"21-07-2025"
51.4270477294922,-3.19244003295898,"21-07-2025"
51.4268569946289,-3.19262981414795,"21-07-2025"
51.426700592041,-3.19272994995117,"21-07-2025"
51.4266395568848,-3.19282984733582,"21-07-2025"
51.4265480041504,-3.19304990768433,"21-07-2025"
51.4264678955078,-3.19333982467651,"21-07-2025"
51.4264488220215,-3.19360995292664,"21-07-2025"
51.4263801574707,-3.19373989105225,"21-07-2025"
51.4263572692871,-3.19383001327515,"21-07-2025"
51.4263572692871,-3.19394993782043,"21-07-2025"
51.4263191223145,-3.19441986083984,"21-07-2025"
51.4264297485352,-3.1944899559021,"21-07-2025"
51.4265670776367,-3.19455003738403,"21-07-2025"
51.4266471862793,-3.19461989402771,"21-07-2025"
51.4268569946289,-3.1949098110199,"21-07-2025"
51.4270172119141,-3.19523000717163,"21-07-2025"
51.4270401000977,-3.19535994529724,"21-07-2025"
51.4270286560059,-3.19539999961853,"21-07-2025"
51.4269599914551,-3.19548988342285,"21-07-2025"
51.4268569946289,-3.19569993019104,"21-07-2025"
51.4267768859863,-3.19564986228943,"21-07-2025"
51.4264373779297,-3.19554996490479,"21-07-2025"
51.4263496398926,-3.1955099105835,"21-07-2025"
51.4262084960938,-3.19542002677917,"21-07-2025"
51.4259376525879,-3.19524002075195,"21-07-2025"
51.4257278442383,-3.19512987136841,"21-07-2025"
51.425479888916,-3.19493985176086,"21-07-2025"
51.425048828125,-3.194739818573,"21-07-2025"
51.424747467041,-3.19454002380371,"21-07-2025"
51.4245491027832,-3.19437980651855,"21-07-2025"
51.4244003295898,-3.19429993629456,"21-07-2025"
51.4241905212402,-3.19413995742798,"21-07-2025"
51.4237785339355,-3.19389986991882,"21-07-2025"
51.4235572814941,-3.19373989105225,"21-07-2025"
51.4235305786133,-3.19373989105225,"21-07-2025"
51.4231185913086,-3.19352984428406,"21-07-2025"
51.4224891662598,-3.19305992126465,"21-07-2025"
51.4219779968262,-3.19274997711182,"21-07-2025"
51.4217681884766,-3.19256997108459,"21-07-2025"
51.4211196899414,-3.19225001335144,"21-07-2025"
51.4207878112793,-3.191969871521,"21-07-2025"
51.4200172424316,-3.19150996208191,"21-07-2025"
51.4196281433105,-3.19119000434875,"21-07-2025"
51.4193496704102,-3.19103980064392,"21-07-2025"
51.4192085266113,-3.19093990325928,"21-07-2025"
51.419059753418,-3.19087982177734,"21-07-2025"
51.418888092041,-3.19078993797302,"21-07-2025"
51.4186172485352,-3.19059991836548,"21-07-2025"
51.4184875488281,-3.19046998023987,"21-07-2025"
51.4181976318359,-3.19021987915039,"21-07-2025"
51.4180374145508,-3.19001984596252,"21-07-2025"
51.4178199768066,-3.18980002403259,"21-07-2025"
51.4173393249512,-3.18935990333557,"21-07-2025"
51.4171676635742,-3.18924999237061,"21-07-2025"
51.4166793823242,-3.18878984451294,"21-07-2025"
51.4165687561035,-3.18864989280701,"21-07-2025"
51.4164505004883,-3.18852996826172,"21-07-2025"
51.416259765625,-3.18829989433289,"21-07-2025"
51.416130065918,-3.18818998336792,"21-07-2025"
51.4158477783203,-3.18788981437683,"21-07-2025"
51.4154472351074,-3.18752980232239,"21-07-2025"
51.4150085449219,-3.18707990646362,"21-07-2025"
51.4145698547363,-3.18667984008789,"21-07-2025"
51.4141387939453,-3.18620991706848,"21-07-2025"
51.4139175415039,-3.18602991104126,"21-07-2025"
51.4134674072266,-3.18559002876282,"21-07-2025"
51.4131774902344,-3.18538999557495,"21-07-2025"
51.4128074645996,-3.18523001670837,"21-07-2025"
51.41259765625,-3.18516993522644,"21-07-2025"
51.4125175476074,-3.18515992164612,"21-07-2025"
51.4123878479004,-3.18519997596741,"21-07-2025"
51.4123382568359,-3.18522000312805,"21-07-2025"
51.4123191833496,-3.18527984619141,"21-07-2025"
51.4124984741211,-3.18522000312805,"21-07-2025"
51.4126281738281,-3.18520998954773,"21-07-2025"
51.4127388000488,-3.18523001670837,"21-07-2025"
51.413028717041,-3.18530988693237,"21-07-2025"
51.4132385253906,-3.18542003631592,"21-07-2025"
51.4137268066406,-3.18580985069275,"21-07-2025"
51.4138984680176,-3.18596982955933,"21-07-2025"
51.4140396118164,-3.1861298084259,"21-07-2025"
51.4141693115234,-3.18620991706848,"21-07-2025"
51.4145584106445,-3.18661999702454,"21-07-2025"
51.4150772094727,-3.18703985214233,"21-07-2025"
51.4151992797852,-3.18721985816956,"21-07-2025"
51.415397644043,-3.18744993209839,"21-07-2025"
51.4155578613281,-3.18760991096497,"21-07-2025"
51.4159088134766,-3.1879198551178,"21-07-2025"
51.4161605834961,-3.18823003768921,"21-07-2025"
51.4163475036621,-3.18839001655579,"21-07-2025"
51.4168891906738,-3.18895983695984,"21-07-2025"
51.4172286987305,-3.18924999237061,"21-07-2025"
51.4174003601074,-3.18936991691589,"21-07-2025"
51.417407989502,-3.18940997123718,"21-07-2025"
51.4175071716309,-3.18947982788086,"21-07-2025"
51.417610168457,-3.18957996368408,"21-07-2025"
51.4178276062012,-3.18973994255066,"21-07-2025"
51.4181671142578,-3.19014000892639,"21-07-2025"
51.4183883666992,-3.19031000137329,"21-07-2025"
51.4184989929199,-3.1904399394989,"21-07-2025"
51.4187278747559,-3.19064998626709,"21-07-2025"
51.4188385009766,-3.19071984291077,"21-07-2025"
51.4192695617676,-3.19102001190186,"21-07-2025"
51.4195671081543,-3.19116997718811,"21-07-2025"
51.419620513916,-3.1912100315094,"21-07-2025"
51.4196395874023,-3.19124984741211,"21-07-2025"
51.4198799133301,-3.19146990776062,"21-07-2025"
51.4200668334961,-3.19159984588623,"21-07-2025"
51.4205474853516,-3.19182991981506,"21-07-2025"
51.4209175109863,-3.19212985038757,"21-07-2025"
51.4212303161621,-3.19228982925415,"21-07-2025"
51.4213485717773,-3.19238996505737,"21-07-2025"
51.4214172363281,-3.19244003295898,"21-07-2025"
51.4222297668457,-3.19287991523743,"21-07-2025"
51.4222793579102,-3.19293999671936,"21-07-2025"
51.422420501709,-3.19302988052368,"21-07-2025"
51.4225692749023,-3.19307994842529,"21-07-2025"
51.4230575561523,-3.19349002838135,"21-07-2025"
51.4235191345215,-3.19372987747192,"21-07-2025"
51.4237289428711,-3.19386982917786,"21-07-2025"
51.4241600036621,-3.19408988952637,"21-07-2025"
51.4246788024902,-3.19442987442017,"21-07-2025"
51.4251403808594,-3.19476985931396,"21-07-2025"
51.4256477355957,-3.19505000114441,"21-07-2025"
51.4259376525879,-3.19526982307434,"21-07-2025"
51.4261474609375,-3.19539999961853,"21-07-2025"
51.4264984130859,-3.19558000564575,"21-07-2025"
51.4267692565918,-3.1956799030304,"21-07-2025"
51.4269981384277,-3.19542980194092,"21-07-2025"
51.4270095825195,-3.19528985023499,"21-07-2025"
51.426830291748,-3.19490003585815,"21-07-2025"
51.4267082214355,-3.19468998908997,"21-07-2025"
51.4265480041504,-3.1945698261261,"21-07-2025"
51.4264183044434,-3.19450998306274,"21-07-2025"
51.4263687133789,-3.19447994232178,"21-07-2025"
51.4263305664062,-3.19442987442017,"21-07-2025"
51.4263191223145,-3.19436001777649,"21-07-2025"
51.4263305664062,-3.19435000419617,"21-07-2025"
51.4263572692871,-3.19389986991882,"21-07-2025"
51.4264488220215,-3.19365000724792,"21-07-2025"
51.4264869689941,-3.19332003593445,"21-07-2025"
51.4265670776367,-3.19301986694336,"21-07-2025"
51.4266090393066,-3.19288992881775,"21-07-2025"
51.4266777038574,-3.19278001785278,"21-07-2025"
51.4268188476562,-3.19267988204956,"21-07-2025"
51.4269371032715,-3.19250988960266,"21-07-2025"
51.4272079467773,-3.19221997261047,"21-07-2025"
51.4273300170898,-3.19204998016357,"21-07-2025"
51.4277572631836,-3.19161987304688,"21-07-2025"
51.4279098510742,-3.19152998924255,"21-07-2025"
51.4280204772949,-3.19151997566223,"21-07-2025"
51.4282073974609,-3.1915500164032,"21-07-2025"
51.4283485412598,-3.19154000282288,"21-07-2025"
51.4284286499023,-3.19149994850159,"21-07-2025"
51.4284591674805,-3.19144988059998,"21-07-2025"
51.4284973144531,-3.19132995605469,"21-07-2025"
51.4285087585449,-3.19106984138489,"21-07-2025"
51.4287300109863,-3.18980002403259,"21-07-2025"
51.4287605285645,-3.18973994255066,"21-07-2025"
51.4287796020508,-3.18945980072021,"21-07-2025"
51.4289894104004,-3.18840003013611,"21-07-2025"
51.4292678833008,-3.18718981742859,"21-07-2025"
51.4295768737793,-3.18603992462158,"21-07-2025"
51.4297676086426,-3.18552994728088,"21-07-2025"
51.4298286437988,-3.18530988693237,"21-07-2025"
51.429817199707,-3.18523001670837,"21-07-2025"
51.4297790527344,-3.18515992164612,"21-07-2025"
51.4295501708984,-3.18503999710083,"21-07-2025"
51.4293975830078,-3.1849799156189,"21-07-2025"
51.4293174743652,-3.18478989601135,"21-07-2025"
51.4291687011719,-3.18466997146606,"21-07-2025"
51.4290580749512,-3.1846399307251,"21-07-2025"
51.4288368225098,-3.18452000617981,"21-07-2025"
51.4287872314453,-3.1844699382782,"21-07-2025"
51.4287071228027,-3.18434000015259,"21-07-2025"
51.4284477233887,-3.18419003486633,"21-07-2025"
51.4283485412598,-3.18408989906311,"21-07-2025"
51.4282073974609,-3.18400001525879,"21-07-2025"
51.4279479980469,-3.18374991416931,"21-07-2025"
51.427677154541,-3.18354988098145,"21-07-2025"
51.427490234375,-3.18334984779358,"21-07-2025"
51.4274673461914,-3.18325996398926,"21-07-2025"
51.427490234375,-3.18313002586365,"21-07-2025"
51.4276885986328,-3.1825098991394,"21-07-2025"
51.4279098510742,-3.18195986747742,"21-07-2025"
51.4280204772949,-3.18165993690491,"21-07-2025"
51.4283790588379,-3.18080997467041,"21-07-2025"
51.428539276123,-3.18037986755371,"21-07-2025"
51.4286079406738,-3.18021988868713,"21-07-2025"
51.4287071228027,-3.1800799369812,"21-07-2025"
51.4287872314453,-3.17988991737366,"21-07-2025"
51.4288291931152,-3.1798198223114,"21-07-2025"
51.4288597106934,-3.1798198223114,"21-07-2025"
51.4290199279785,-3.17989993095398,"21-07-2025"
51.4291000366211,-3.17988991737366,"21-07-2025"
51.4293174743652,-3.17976999282837,"21-07-2025"
51.4294471740723,-3.17965984344482,"21-07-2025"
51.4295883178711,-3.17958998680115,"21-07-2025"
51.4297485351562,-3.17945981025696,"21-07-2025"
51.4297904968262,-3.1793999671936,"21-07-2025"
51.4299087524414,-3.17929983139038,"21-07-2025"
51.4300498962402,-3.17945981025696,"21-07-2025"
51.4303588867188,-3.18005990982056,"21-07-2025"
51.4304084777832,-3.18020987510681,"21-07-2025"
51.4304695129395,-3.18028998374939,"21-07-2025"
51.4305000305176,-3.18029999732971,"21-07-2025"
51.4305191040039,-3.18029999732971,"21-07-2025"
51.4307670593262,-3.18001985549927,"21-07-2025"
51.431037902832,-3.17984986305237,"21-07-2025"
51.4313278198242,-3.17962002754211,"21-07-2025"
51.4314270019531,-3.17965984344482,"21-07-2025"
51.431468963623,-3.17965984344482,"21-07-2025"
51.4316177368164,-3.17951989173889,"21-07-2025"
51.4316673278809,-3.17949986457825,"21-07-2025"
51.4318389892578,-3.17963981628418,"21-07-2025"
51.4319381713867,-3.17976999282837,"21-07-2025"
51.4320068359375,-3.17996001243591,"21-07-2025"
51.4321594238281,-3.1805899143219,"21-07-2025"
51.4322090148926,-3.18068981170654,"21-07-2025"
51.4322395324707,-3.18070983886719,"21-07-2025"
51.4322891235352,-3.18070983886719,"21-07-2025"
51.4325790405273,-3.18045997619629,"21-07-2025"
51.4330101013184,-3.17999982833862,"21-07-2025"
51.4330368041992,-3.17999982833862,"21-07-2025"
51.4332084655762,-3.17986989021301,"21-07-2025"
51.4333877563477,-3.17961001396179,"21-07-2025"
51.4338989257812,-3.17899990081787,"21-07-2025"
51.4339790344238,-3.17886996269226,"21-07-2025"
51.4385871887207,-3.17362999916077,"21-07-2025"
51.4385604858398,-3.17365980148315,"21-07-2025"
51.4384384155273,-3.17371988296509,"21-07-2025"
51.438346862793,-3.17373991012573,"21-07-2025"
51.4382095336914,-3.17371988296509,"21-07-2025"
51.438159942627,-3.17371988296509,"21-07-2025"
51.4378890991211,-3.17364001274109,"21-07-2025"
51.4377479553223,-3.17352986335754,"21-07-2025"
51.4376487731934,-3.17348003387451,"21-07-2025"
51.4373168945312,-3.17343997955322,"21-07-2025"
51.4369277954102,-3.17358994483948,"21-07-2025"
51.4367904663086,-3.17365980148315,"21-07-2025"
51.4364280700684,-3.17389988899231,"21-07-2025"
51.4364204406738,-3.17392992973328,"21-07-2025"
51.4364395141602,-3.17419981956482,"21-07-2025"
51.4363479614258,-3.17440986633301,"21-07-2025"
51.4362487792969,-3.1747899055481,"21-07-2025"
51.436149597168,-3.17536997795105,"21-07-2025"
51.4360389709473,-3.17545986175537,"21-07-2025"
51.4357986450195,-3.17557001113892,"21-07-2025"
51.4357490539551,-3.17555999755859,"21-07-2025"
51.4356880187988,-3.17559003829956,"21-07-2025"
51.4355278015137,-3.17582988739014,"21-07-2025"
51.4354095458984,-3.17604994773865,"21-07-2025"
51.4353485107422,-3.1761999130249,"21-07-2025"
51.4353485107422,-3.17625999450684,"21-07-2025"
51.4353103637695,-3.17637991905212,"21-07-2025"
51.4351577758789,-3.17667984962463,"21-07-2025"
51.4348602294922,-3.17743992805481,"21-07-2025"
51.4344482421875,-3.17818999290466,"21-07-2025"
51.4342002868652,-3.17857003211975,"21-07-2025"
51.4338569641113,-3.17901992797852,"21-07-2025"
51.4337692260742,-3.17917990684509,"21-07-2025"
51.4336471557617,-3.1793098449707,"21-07-2025"
51.433406829834,-3.17962002754211,"21-07-2025"
51.4332504272461,-3.17979001998901,"21-07-2025"
51.4331398010254,-3.17986989021301,"21-07-2025"
51.433048248291,-3.17999982833862,"21-07-2025"
51.4328002929688,-3.18020987510681,"21-07-2025"
51.4326095581055,-3.18039989471436,"21-07-2025"
51.4323883056641,-3.18066000938416,"21-07-2025"
51.4323387145996,-3.18069982528687,"21-07-2025"
51.4322891235352,-3.18070983886719,"21-07-2025"
51.4322280883789,-3.1806800365448,"21-07-2025"
51.4321403503418,-3.18057990074158,"21-07-2025"
51.4320678710938,-3.18046998977661,"21-07-2025"
51.4319381713867,-3.18009996414185,"21-07-2025"
51.4318084716797,-3.17957997322083,"21-07-2025"
51.4317893981934,-3.17952990531921,"21-07-2025"
51.4317283630371,-3.17949986457825,"21-07-2025"
51.4316673278809,-3.17951989173889,"21-07-2025"
51.4314994812012,-3.17962980270386,"21-07-2025"
51.4313583374023,-3.17962980270386,"21-07-2025"
51.431209564209,-3.17968988418579,"21-07-2025"
51.4307594299316,-3.18003988265991,"21-07-2025"
51.4305801391602,-3.18025994300842,"21-07-2025"
51.4305076599121,-3.18029999732971,"21-07-2025"
51.4304580688477,-3.18027997016907,"21-07-2025"
51.4304389953613,-3.1802499294281,"21-07-2025"
51.4303092956543,-3.18001985549927,"21-07-2025"
51.4301376342773,-3.17966985702515,"21-07-2025"
51.4300193786621,-3.17932987213135,"21-07-2025"
51.4299697875977,-3.17927980422974,"21-07-2025"
51.4299278259277,-3.17928981781006,"21-07-2025"
51.4298400878906,-3.17933988571167,"21-07-2025"
51.4296684265137,-3.17949986457825,"21-07-2025"
51.4291305541992,-3.17988991737366,"21-07-2025"
51.429027557373,-3.17985987663269,"21-07-2025"
51.4289588928223,-3.17979001998901,"21-07-2025"
51.4289283752441,-3.17978000640869,"21-07-2025"
51.4288597106934,-3.17980980873108,"21-07-2025"
51.4287796020508,-3.17991995811462,"21-07-2025"
51.4287071228027,-3.18008995056152,"21-07-2025"
51.428638458252,-3.18013000488281,"21-07-2025"
51.4286003112793,-3.18018984794617,"21-07-2025"
51.4282569885254,-3.18106985092163,"21-07-2025"
51.4280395507812,-3.18157982826233,"21-07-2025"
51.4277381896973,-3.18235993385315,"21-07-2025"
51.4276390075684,-3.18272995948792,"21-07-2025"
51.4275093078613,-3.18303990364075,"21-07-2025"
51.4274673461914,-3.18324995040894,"21-07-2025"
51.4274673461914,-3.1833598613739,"21-07-2025"
51.427547454834,-3.18349003791809,"21-07-2025"
51.4277687072754,-3.18366003036499,"21-07-2025"
51.4280776977539,-3.18397998809814,"21-07-2025"
51.428409576416,-3.18422985076904,"21-07-2025"
51.4285278320312,-3.18434000015259,"21-07-2025"
51.4285774230957,-3.18436002731323,"21-07-2025"
51.4285774230957,-3.1843798160553,"21-07-2025"
51.4285697937012,-3.18439984321594,"21-07-2025"
51.4285278320312,-3.18442988395691,"21-07-2025"
51.4284782409668,-3.18441987037659,"21-07-2025"
51.4283599853516,-3.18434000015259,"21-07-2025"
51.4283180236816,-3.18436002731323,"21-07-2025"
51.4281578063965,-3.18471002578735,"21-07-2025"
51.4279479980469,-3.18526983261108,"21-07-2025"
51.4278373718262,-3.18567991256714,"21-07-2025"
51.4277191162109,-3.18593001365662,"21-07-2025"
51.427547454834,-3.18637990951538,"21-07-2025"
51.4273986816406,-3.18695998191833,"21-07-2025"
51.4272384643555,-3.18747997283936,"21-07-2025"
51.4271583557129,-3.18768000602722,"21-07-2025"
51.427059173584,-3.1878399848938,"21-07-2025"
51.4270286560059,-3.18796992301941,"21-07-2025"
51.4270172119141,-3.18819999694824,"21-07-2025"
51.4270172119141,-3.18827986717224,"21-07-2025"
51.4270973205566,-3.18835997581482,"21-07-2025"
51.4275703430176,-3.1885199546814,"21-07-2025"
51.4277191162109,-3.18870997428894,"21-07-2025"
51.4278602600098,-3.18881988525391,"21-07-2025"
51.4279174804688,-3.18889999389648,"21-07-2025"
51.427978515625,-3.18901991844177,"21-07-2025"
51.4280471801758,-3.18927001953125,"21-07-2025"
51.4281692504883,-3.18981981277466,"21-07-2025"
51.4282875061035,-3.19018983840942,"21-07-2025"
51.4283790588379,-3.19036984443665,"21-07-2025"
51.4285774230957,-3.19052982330322,"21-07-2025"
51.4286079406738,-3.19059991836548,"21-07-2025"
51.4285583496094,-3.19087982177734,"21-07-2025"
51.428539276123,-3.1912899017334,"21-07-2025"
51.4285087585449,-3.19140982627869,"21-07-2025"
51.428466796875,-3.1914598941803,"21-07-2025"
51.4284172058105,-3.19149994850159,"21-07-2025"
51.4283294677734,-3.19152998924255,"21-07-2025"
51.4281997680664,-3.19150996208191,"21-07-2025"
51.4280586242676,-3.19151997566223,"21-07-2025"
51.4279403686523,-3.19156002998352,"21-07-2025"
51.4277381896973,-3.19165992736816,"21-07-2025"
51.4274787902832,-3.19186997413635,"21-07-2025"
51.427318572998,-3.19203996658325,"21-07-2025"
51.4272575378418,-3.19211983680725,"21-07-2025"
51.4272079467773,-3.19225001335144,"21-07-2025"
51.4270477294922,-3.19244003295898,"21-07-2025"
51.4268569946289,-3.19262981414795,"21-07-2025"
51.426700592041,-3.19272994995117,"21-07-2025"
51.4266395568848,-3.19282984733582,"21-07-2025"
51.4265480041504,-3.19304990768433,"21-07-2025"
51.4264678955078,-3.19333982467651,"21-07-2025"
51.4264488220215,-3.19360995292664,"21-07-2025"
51.4263801574707,-3.19373989105225,"21-07-2025"
51.4263572692871,-3.19383001327515,"21-07-2025"
51.4263572692871,-3.19394993782043,"21-07-2025"
51.4263191223145,-3.19441986083984,"21-07-2025"
51.4264297485352,-3.1944899559021,"21-07-2025"
51.4265670776367,-3.19455003738403,"21-07-2025"
51.4266471862793,-3.19461989402771,"21-07-2025"
51.4268569946289,-3.1949098110199,"21-07-2025"
51.4270172119141,-3.19523000717163,"21-07-2025"
51.4270401000977,-3.19535994529724,"21-07-2025"
51.4270286560059,-3.19539999961853,"21-07-2025"
51.4269599914551,-3.19548988342285,"21-07-2025"
51.4268569946289,-3.19569993019104,"21-07-2025"
51.4267768859863,-3.19564986228943,"21-07-2025"
51.4264373779297,-3.19554996490479,"21-07-2025"
51.4263496398926,-3.1955099105835,"21-07-2025"
51.4262084960938,-3.19542002677917,"21-07-2025"
51.4259376525879,-3.19524002075195,"21-07-2025"
51.4257278442383,-3.19512987136841,"21-07-2025"
51.425479888916,-3.19493985176086,"21-07-2025"
51.425048828125,-3.194739818573,"21-07-2025"
51.424747467041,-3.19454002380371,"21-07-2025"
51.4245491027832,-3.19437980651855,"21-07-2025"
51.4244003295898,-3.19429993629456,"21-07-2025"
51.4241905212402,-3.19413995742798,"21-07-2025"
51.4237785339355,-3.19389986991882,"21-07-2025"
51.4235572814941,-3.19373989105225,"21-07-2025"
51.4235305786133,-3.19373989105225,"21-07-2025"
51.4231185913086,-3.19352984428406,"21-07-2025"
51.4224891662598,-3.19305992126465,"21-07-2025"
51.4219779968262,-3.19274997711182,"21-07-2025"
51.4217681884766,-3.19256997108459,"21-07-2025"
51.4211196899414,-3.19225001335144,"21-07-2025"
51.4207878112793,-3.191969871521,"21-07-2025"
51.4200172424316,-3.19150996208191,"21-07-2025"
51.4196281433105,-3.19119000434875,"21-07-2025"
51.4193496704102,-3.19103980064392,"21-07-2025"
51.4192085266113,-3.19093990325928,"21-07-2025"
51.419059753418,-3.19087982177734,"21-07-2025"
51.418888092041,-3.19078993797302,"21-07-2025"
51.4186172485352,-3.19059991836548,"21-07-2025"
51.4184875488281,-3.19046998023987,"21-07-2025"
51.4181976318359,-3.19021987915039,"21-07-2025"
51.4180374145508,-3.19001984596252,"21-07-2025"
51.4178199768066,-3.18980002403259,"21-07-2025"
51.4173393249512,-3.18935990333557,"21-07-2025"
51.4171676635742,-3.18924999237061,"21-07-2025"
51.4166793823242,-3.18878984451294,"21-07-2025"
51.4165687561035,-3.18864989280701,"21-07-2025"
51.4164505004883,-3.18852996826172,"21-07-2025"
51.416259765625,-3.18829989433289,"21-07-2025"
51.416130065918,-3.18818998336792,"21-07-2025"
51.4158477783203,-3.18788981437683,"21-07-2025"
51.4154472351074,-3.18752980232239,"21-07-2025"
51.4150085449219,-3.18707990646362,"21-07-2025"
51.4145698547363,-3.18667984008789,"21-07-2025"
51.4141387939453,-3.18620991706848,"21-07-2025"
51.4139175415039,-3.18602991104126,"21-07-2025"
51.4134674072266,-3.18559002876282,"21-07-2025"
51.4131774902344,-3.18538999557495,"21-07-2025"
51.4128074645996,-3.18523001670837,"21-07-2025"
51.41259765625,-3.18516993522644,"21-07-2025"
51.4125175476074,-3.18515992164612,"21-07-2025"
51.4123878479004,-3.18519997596741,"21-07-2025"
51.4123382568359,-3.18522000312805,"21-07-2025"
51.4123191833496,-3.18527984619141,"21-07-2025"
51.4124984741211,-3.18522000312805,"21-07-2025"
51.4126281738281,-3.18520998954773,"21-07-2025"
51.4127388000488,-3.18523001670837,"21-07-2025"
51.413028717041,-3.18530988693237,"21-07-2025"
51.4132385253906,-3.18542003631592,"21-07-2025"
51.4137268066406,-3.18580985069275,"21-07-2025"
51.4138984680176,-3.18596982955933,"21-07-2025"
51.4140396118164,-3.1861298084259,"21-07-2025"
51.4141693115234,-3.18620991706848,"21-07-2025"
51.4145584106445,-3.18661999702454,"21-07-2025"
51.4150772094727,-3.18703985214233,"21-07-2025"
51.4151992797852,-3.18721985816956,"21-07-2025"
51.415397644043,-3.18744993209839,"21-07-2025"
51.4155578613281,-3.18760991096497,"21-07-2025"
51.4159088134766,-3.1879198551178,"21-07-2025"
51.4161605834961,-3.18823003768921,"21-07-2025"
51.4163475036621,-3.18839001655579,"21-07-2025"
51.4168891906738,-3.18895983695984,"21-07-2025"
51.4172286987305,-3.18924999237061,"21-07-2025"
51.4174003601074,-3.18936991691589,"21-07-2025"
51.417407989502,-3.18940997123718,"21-07-2025"
51.4175071716309,-3.18947982788086,"21-07-2025"
51.417610168457,-3.18957996368408,"21-07-2025"
51.4178276062012,-3.18973994255066,"21-07-2025"
51.4181671142578,-3.19014000892639,"21-07-2025"
51.4183883666992,-3.19031000137329,"21-07-2025"
51.4184989929199,-3.1904399394989,"21-07-2025"
51.4187278747559,-3.19064998626709,"21-07-2025"
51.4188385009766,-3.19071984291077,"21-07-2025"
51.4192695617676,-3.19102001190186,"21-07-2025"
51.4195671081543,-3.19116997718811,"21-07-2025"
51.419620513916,-3.1912100315094,"21-07-2025"
51.4196395874023,-3.19124984741211,"21-07-2025"
51.4198799133301,-3.19146990776062,"21-07-2025"
51.4200668334961,-3.19159984588623,"21-07-2025"
51.4205474853516,-3.19182991981506,"21-07-2025"
51.4209175109863,-3.19212985038757,"21-07-2025"
51.4212303161621,-3.19228982925415,"21-07-2025"
51.4213485717773,-3.19238996505737,"21-07-2025"
51.4214172363281,-3.19244003295898,"21-07-2025"
51.4222297668457,-3.19287991523743,"21-07-2025"
51.4222793579102,-3.19293999671936,"21-07-2025"
51.422420501709,-3.19302988052368,"21-07-2025"
51.4225692749023,-3.19307994842529,"21-07-2025"
51.4230575561523,-3.19349002838135,"21-07-2025"
51.4235191345215,-3.19372987747192,"21-07-2025"
51.4237289428711,-3.19386982917786,"21-07-2025"
51.4241600036621,-3.19408988952637,"21-07-2025"
51.4246788024902,-3.19442987442017,"21-07-2025"
51.4251403808594,-3.19476985931396,"21-07-2025"
51.4256477355957,-3.19505000114441,"21-07-2025"
51.4259376525879,-3.19526982307434,"21-07-2025"
51.4261474609375,-3.19539999961853,"21-07-2025"
51.4264984130859,-3.19558000564575,"21-07-2025"
51.4267692565918,-3.1956799030304,"21-07-2025"
51.4269981384277,-3.19542980194092,"21-07-2025"
51.4270095825195,-3.19528985023499,"21-07-2025"
51.426830291748,-3.19490003585815,"21-07-2025"
51.4267082214355,-3.19468998908997,"21-07-2025"
51.4265480041504,-3.1945698261261,"21-07-2025"
51.4264183044434,-3.19450998306274,"21-07-2025"
51.4263687133789,-3.19447994232178,"21-07-2025"
51.4263305664062,-3.19442987442017,"21-07-2025"
51.4263191223145,-3.19436001777649,"21-07-2025"
51.4263305664062,-3.19435000419617,"21-07-2025"
51.4263572692871,-3.19389986991882,"21-07-2025"
51.4264488220215,-3.19365000724792,"21-07-2025"
51.4264869689941,-3.19332003593445,"21-07-2025"
51.4265670776367,-3.19301986694336,"21-07-2025"
51.4266090393066,-3.19288992881775,"21-07-2025"
51.4266777038574,-3.19278001785278,"21-07-2025"
51.4268188476562,-3.19267988204956,"21-07-2025"
51.4269371032715,-3.19250988960266,"21-07-2025"
51.4272079467773,-3.19221997261047,"21-07-2025"
51.4273300170898,-3.19204998016357,"21-07-2025"
51.4277572631836,-3.19161987304688,"21-07-2025"
51.4279098510742,-3.19152998924255,"21-07-2025"
51.4280204772949,-3.19151997566223,"21-07-2025"
51.4282073974609,-3.1915500164032,"21-07-2025"
51.4283485412598,-3.19154000282288,"21-07-2025"
51.4284286499023,-3.19149994850159,"21-07-2025"
51.4284591674805,-3.19144988059998,"21-07-2025"
51.4284973144531,-3.19132995605469,"21-07-2025"
51.4285087585449,-3.19106984138489,"21-07-2025"
51.4287300109863,-3.18980002403259,"21-07-2025"
51.4287605285645,-3.18973994255066,"21-07-2025"
51.4287796020508,-3.18945980072021,"21-07-2025"
51.4289894104004,-3.18840003013611,"21-07-2025"
51.4292678833008,-3.18718981742859,"21-07-2025"
51.4295768737793,-3.18603992462158,"21-07-2025"
51.4297676086426,-3.18552994728088,"21-07-2025"
51.4298286437988,-3.18530988693237,"21-07-2025"
51.429817199707,-3.18523001670837,"21-07-2025"
51.4297790527344,-3.18515992164612,"21-07-2025"
51.4295501708984,-3.18503999710083,"21-07-2025"
51.4293975830078,-3.1849799156189,"21-07-2025"
51.4293174743652,-3.18478989601135,"21-07-2025"
51.4291687011719,-3.18466997146606,"21-07-2025"
51.4290580749512,-3.1846399307251,"21-07-2025"
51.4288368225098,-3.18452000617981,"21-07-2025"
51.4287872314453,-3.1844699382782,"21-07-2025"
51.4287071228027,-3.18434000015259,"21-07-2025"
51.4284477233887,-3.18419003486633,"21-07-2025"
51.4283485412598,-3.18408989906311,"21-07-2025"
51.4282073974609,-3.18400001525879,"21-07-2025"
51.4279479980469,-3.18374991416931,"21-07-2025"
51.427677154541,-3.18354988098145,"21-07-2025"
51.427490234375,-3.18334984779358,"21-07-2025"
51.4274673461914,-3.18325996398926,"21-07-2025"
51.427490234375,-3.18313002586365,"21-07-2025"
51.4276885986328,-3.1825098991394,"21-07-2025"
51.4279098510742,-3.18195986747742,"21-07-2025"
51.4280204772949,-3.18165993690491,"21-07-2025"
51.4283790588379,-3.18080997467041,"21-07-2025"
51.428539276123,-3.18037986755371,"21-07-2025"
51.4286079406738,-3.18021988868713,"21-07-2025"
51.4287071228027,-3.1800799369812,"21-07-2025"
51.4287872314453,-3.17988991737366,"21-07-2025"
51.4288291931152,-3.1798198223114,"21-07-2025"
51.4288597106934,-3.1798198223114,"21-07-2025"
51.4290199279785,-3.17989993095398,"21-07-2025"
51.4291000366211,-3.17988991737366,"21-07-2025"
51.4293174743652,-3.17976999282837,"21-07-2025"
51.4294471740723,-3.17965984344482,"21-07-2025"
51.4295883178711,-3.17958998680115,"21-07-2025"
51.4297485351562,-3.17945981025696,"21-07-2025"
51.4297904968262,-3.1793999671936,"21-07-2025"
51.4299087524414,-3.17929983139038,"21-07-2025"
51.4300498962402,-3.17945981025696,"21-07-2025"
51.4303588867188,-3.18005990982056,"21-07-2025"
51.4304084777832,-3.18020987510681,"21-07-2025"
51.4304695129395,-3.18028998374939,"21-07-2025"
51.4305000305176,-3.18029999732971,"21-07-2025"
51.4305191040039,-3.18029999732971,"21-07-2025"
51.4307670593262,-3.18001985549927,"21-07-2025"
51.431037902832,-3.17984986305237,"21-07-2025"
51.4313278198242,-3.17962002754211,"21-07-2025"
51.4314270019531,-3.17965984344482,"21-07-2025"
51.431468963623,-3.17965984344482,"21-07-2025"
51.4316177368164,-3.17951989173889,"21-07-2025"
51.4316673278809,-3.17949986457825,"21-07-2025"
51.4318389892578,-3.17963981628418,"21-07-2025"
51.4319381713867,-3.17976999282837,"21-07-2025"
51.4320068359375,-3.17996001243591,"21-07-2025"
51.4321594238281,-3.1805899143219,"21-07-2025"
51.4322090148926,-3.18068981170654,"21-07-2025"
51.4322395324707,-3.18070983886719,"21-07-2025"
51.4322891235352,-3.18070983886719,"21-07-2025"
51.4325790405273,-3.18045997619629,"21-07-2025"
51.4330101013184,-3.17999982833862,"21-07-2025"
51.4330368041992,-3.17999982833862,"21-07-2025"
51.4332084655762,-3.17986989021301,"21-07-2025"
51.4333877563477,-3.17961001396179,"21-07-2025"
51.4338989257812,-3.17899990081787,"21-07-2025"
51.4339790344238,-3.17886996269226,"21-07-2025"
51.4454383850098,-3.16761994361877,"19-07-2025"
51.4459495544434,-3.16715002059937,"19-07-2025"
51.4462776184082,-3.16679000854492,"19-07-2025"
51.4470596313477,-3.16602993011475,"19-07-2025"
51.4471702575684,-3.1659300327301,"19-07-2025"
51.447208404541,-3.16588997840881,"19-07-2025"
51.4471969604492,-3.16586995124817,"19-07-2025"
51.4472198486328,-3.16587996482849,"19-07-2025"
51.4474182128906,-3.16564989089966,"19-07-2025"
51.4476699829102,-3.16540002822876,"19-07-2025"
51.4477996826172,-3.16527986526489,"19-07-2025"
51.4478874206543,-3.16524982452393,"19-07-2025"
51.448070526123,-3.16496992111206,"19-07-2025"
51.4481582641602,-3.16492986679077,"19-07-2025"
51.4483680725098,-3.16477990150452,"19-07-2025"
51.4486389160156,-3.16470003128052,"19-07-2025"
51.4489784240723,-3.16470980644226,"19-07-2025"
51.4492988586426,-3.16475987434387,"19-07-2025"
51.4497299194336,-3.16479992866516,"19-07-2025"
51.4510078430176,-3.16500997543335,"19-07-2025"
51.4513702392578,-3.16493988037109,"19-07-2025"
51.4514999389648,-3.16488003730774,"19-07-2025"
51.4516983032227,-3.16474986076355,"19-07-2025"
51.4518089294434,-3.16465997695923,"19-07-2025"
51.4518585205078,-3.16458988189697,"19-07-2025"
51.4520492553711,-3.16426992416382,"19-07-2025"
51.4521789550781,-3.16399002075195,"19-07-2025"
51.4522171020508,-3.16393995285034,"19-07-2025"
51.4522285461426,-3.16385984420776,"19-07-2025"
51.4522972106934,-3.16365003585815,"19-07-2025"
51.4523696899414,-3.163489818573,"19-07-2025"
51.4526901245117,-3.16269993782043,"19-07-2025"
51.4527587890625,-3.16256999969482,"19-07-2025"
51.4529190063477,-3.16231989860535,"19-07-2025"
51.4531784057617,-3.16200995445251,"19-07-2025"
51.4534072875977,-3.16184997558594,"19-07-2025"
51.4535102844238,-3.16184997558594,"19-07-2025"
51.4535903930664,-3.16191983222961,"19-07-2025"
51.453800201416,-3.16225981712341,"19-07-2025"
51.453800201416,-3.16231989860535,"19-07-2025"
51.453929901123,-3.16189980506897,"19-07-2025"
51.453987121582,-3.16177988052368,"19-07-2025"
51.4540405273438,-3.16174983978271,"19-07-2025"
51.4541397094727,-3.16172981262207,"19-07-2025"
51.4541893005371,-3.16174983978271,"19-07-2025"
51.45458984375,-3.16203999519348,"19-07-2025"
51.4549674987793,-3.16225981712341,"19-07-2025"
51.4554786682129,-3.16247987747192,"19-07-2025"
51.4558181762695,-3.16253995895386,"19-07-2025"
51.4559478759766,-3.16259002685547,"19-07-2025"
51.4562797546387,-3.16252994537354,"19-07-2025"
51.4567604064941,-3.16232991218567,"19-07-2025"
51.4568901062012,-3.16224980354309,"19-07-2025"
51.4569473266602,-3.16218996047974,"19-07-2025"
51.4572792053223,-3.1619598865509,"19-07-2025"
51.457649230957,-3.16157984733582,"19-07-2025"
51.4577484130859,-3.16149997711182,"19-07-2025"
51.4578399658203,-3.16145992279053,"19-07-2025"
51.4579772949219,-3.16143989562988,"19-07-2025"
51.4580497741699,-3.16137981414795,"19-07-2025"
51.4584770202637,-3.16073989868164,"19-07-2025"
51.4589881896973,-3.16002988815308,"19-07-2025"
51.4591102600098,-3.15978002548218,"19-07-2025"
51.4591789245605,-3.15965986251831,"19-07-2025"
51.4593086242676,-3.15950989723206,"19-07-2025"
51.4594573974609,-3.15937995910645,"19-07-2025"
51.4595794677734,-3.15919995307922,"19-07-2025"
51.4596405029297,-3.15912985801697,"19-07-2025"
51.4598503112793,-3.15908980369568,"19-07-2025"
51.460578918457,-3.15913987159729,"19-07-2025"
51.4607086181641,-3.15911984443665,"19-07-2025"
51.4608001708984,-3.15908002853394,"19-07-2025"
51.460880279541,-3.15900993347168,"19-07-2025"
51.461009979248,-3.15883994102478,"19-07-2025"
51.4612197875977,-3.15854001045227,"19-07-2025"
51.4613189697266,-3.1583399772644,"19-07-2025"
51.4614372253418,-3.15821003913879,"19-07-2025"
51.4616889953613,-3.15782999992371,"19-07-2025"
51.4620170593262,-3.15739989280701,"19-07-2025"
51.4621391296387,-3.15731000900269,"19-07-2025"
51.4622497558594,-3.15729999542236,"19-07-2025"
51.4622688293457,-3.15738987922668,"19-07-2025"
51.462287902832,-3.1574399471283,"19-07-2025"
51.4624481201172,-3.15773987770081,"19-07-2025"
51.4624786376953,-3.15776991844177,"19-07-2025"
51.4626274108887,-3.15757989883423,"19-07-2025"
51.4627876281738,-3.15732002258301,"19-07-2025"
51.4628791809082,-3.15722990036011,"19-07-2025"
51.4628982543945,-3.15727996826172,"19-07-2025"
51.4629096984863,-3.15724992752075,"19-07-2025"
51.4629402160645,-3.15721988677979,"19-07-2025"
51.4634704589844,-3.15647983551025,"19-07-2025"
51.4635200500488,-3.15644001960754,"19-07-2025"
51.4635772705078,-3.15643000602722,"19-07-2025"
51.4636573791504,-3.1564998626709,"19-07-2025"
51.4638900756836,-3.15687990188599,"19-07-2025"
51.4639282226562,-3.15691995620728,"19-07-2025"
51.4639778137207,-3.15690994262695,"19-07-2025"
51.4642677307129,-3.15643000602722,"19-07-2025"
51.4645690917969,-3.15584993362427,"19-07-2025"
51.4645500183105,-3.15584993362427,"19-07-2025"
51.4645690917969,-3.15583992004395,"19-07-2025"
51.4646682739258,-3.15562987327576,"19-07-2025"
51.4646682739258,-3.1555700302124,"19-07-2025"
51.4646377563477,-3.15549993515015,"19-07-2025"
51.4645500183105,-3.15540981292725,"19-07-2025"
51.4645080566406,-3.15534996986389,"19-07-2025"
51.4645004272461,-3.15523982048035,"19-07-2025"
51.4646682739258,-3.15487003326416,"19-07-2025"
51.4646987915039,-3.15480995178223,"19-07-2025"
51.4647789001465,-3.15478992462158,"19-07-2025"
51.4648780822754,-3.15493988990784,"19-07-2025"
51.4649391174316,-3.15508985519409,"19-07-2025"
51.4651374816895,-3.15541982650757,"19-07-2025"
51.4651679992676,-3.15551996231079,"19-07-2025"
51.4651374816895,-3.15559983253479,"19-07-2025"
51.4650497436523,-3.15568995475769,"19-07-2025"
51.464958190918,-3.15582990646362,"19-07-2025"
51.4647903442383,-3.15616989135742,"19-07-2025"
51.4645004272461,-3.15664982795715,"19-07-2025"
51.4642791748047,-3.15706992149353,"19-07-2025"
51.4642372131348,-3.15718984603882,"19-07-2025"
51.4642372131348,-3.15733003616333,"19-07-2025"
51.4643096923828,-3.15752983093262,"19-07-2025"
51.4644393920898,-3.15767002105713,"19-07-2025"
51.4646301269531,-3.15779995918274,"19-07-2025"
51.464656829834,-3.15789985656738,"19-07-2025"
51.464656829834,-3.15810990333557,"19-07-2025"
51.4646186828613,-3.1581699848175,"19-07-2025"
51.4645195007324,-3.15817999839783,"19-07-2025"
51.4644584655762,-3.15823984146118,"19-07-2025"
51.4641876220703,-3.1586799621582,"19-07-2025"
51.4640998840332,-3.15886998176575,"19-07-2025"
51.4640083312988,-3.15910983085632,"19-07-2025"
51.4639587402344,-3.15931987762451,"19-07-2025"
51.4638977050781,-3.15942001342773,"19-07-2025"
51.4637680053711,-3.15938997268677,"19-07-2025"
51.4636993408203,-3.1594398021698,"19-07-2025"
51.4631195068359,-3.1602098941803,"19-07-2025"
51.4627380371094,-3.16067981719971,"19-07-2025"
51.4627075195312,-3.16072988510132,"19-07-2025"
51.4626884460449,-3.16094994544983,"19-07-2025"
51.4625473022461,-3.16119980812073,"19-07-2025"
51.4624481201172,-3.16163992881775,"19-07-2025"
51.462459564209,-3.16162991523743,"19-07-2025"
51.4624786376953,-3.16171002388,"19-07-2025"
51.4625091552734,-3.16174983978271,"19-07-2025"
51.4627494812012,-3.16190981864929,"19-07-2025"
51.4630699157715,-3.16216993331909,"19-07-2025"
51.463207244873,-3.16230988502502,"19-07-2025"
51.4634399414062,-3.16287994384766,"19-07-2025"
51.4635391235352,-3.16301989555359,"19-07-2025"
51.4636383056641,-3.16304993629456,"19-07-2025"
51.4637794494629,-3.16295981407166,"19-07-2025"
51.4638595581055,-3.16300988197327,"19-07-2025"
51.4638900756836,-3.16305994987488,"19-07-2025"
51.4638977050781,-3.16312980651855,"19-07-2025"
51.4638977050781,-3.16338992118835,"19-07-2025"
51.4639205932617,-3.16347002983093,"19-07-2025"
51.4639587402344,-3.16352987289429,"19-07-2025"
51.4640884399414,-3.16358995437622,"19-07-2025"
51.4641304016113,-3.16355991363525,"19-07-2025"
51.4641380310059,-3.16349983215332,"19-07-2025"
51.4647903442383,-3.16413998603821,"19-07-2025"
51.4647789001465,-3.16427993774414,"19-07-2025"
51.4647178649902,-3.1645200252533,"19-07-2025"
51.4647178649902,-3.16463994979858,"19-07-2025"
51.4646797180176,-3.1646900177002,"19-07-2025"
51.4645004272461,-3.16477990150452,"19-07-2025"
51.4644088745117,-3.16486001014709,"19-07-2025"
51.4643898010254,-3.16509985923767,"19-07-2025"
51.4642677307129,-3.16559982299805,"19-07-2025"
51.4642181396484,-3.16565990447998,"19-07-2025"
51.4641571044922,-3.16567993164062,"19-07-2025"
51.4640998840332,-3.16574001312256,"19-07-2025"
51.4640579223633,-3.16584992408752,"19-07-2025"
51.4640197753906,-3.16611003875732,"19-07-2025"
51.4639778137207,-3.16620993614197,"19-07-2025"
51.463939666748,-3.1662700176239,"19-07-2025"
51.4638481140137,-3.16631984710693,"19-07-2025"
51.4636268615723,-3.16624999046326,"19-07-2025"
51.4634284973145,-3.16614985466003,"19-07-2025"
51.4633102416992,-3.16613984107971,"19-07-2025"
51.4631881713867,-3.16619992256165,"19-07-2025"
51.4630889892578,-3.16636991500854,"19-07-2025"
51.463020324707,-3.16656994819641,"19-07-2025"
51.4630279541016,-3.16665983200073,"19-07-2025"
51.463020324707,-3.16682982444763,"19-07-2025"
51.4630470275879,-3.16701984405518,"19-07-2025"
51.4629974365234,-3.16717982292175,"19-07-2025"
51.4628982543945,-3.16789984703064,"19-07-2025"
51.4627685546875,-3.16828989982605,"19-07-2025"
51.4626388549805,-3.16881990432739,"19-07-2025"
51.462589263916,-3.16891002655029,"19-07-2025"
51.4626502990723,-3.16899991035461,"19-07-2025"
51.4626770019531,-3.16909980773926,"19-07-2025"
51.4625701904297,-3.16927003860474,"19-07-2025"
51.4624481201172,-3.16949987411499,"19-07-2025"
51.4624099731445,-3.1695499420166,"19-07-2025"
51.4622497558594,-3.16956996917725,"19-07-2025"
51.4621276855469,-3.16949987411499,"19-07-2025"
51.4619102478027,-3.16944003105164,"19-07-2025"
51.4613494873047,-3.16935992240906,"19-07-2025"
51.4612197875977,-3.16931986808777,"19-07-2025"
51.4611396789551,-3.16934990882874,"19-07-2025"
51.461067199707,-3.16942000389099,"19-07-2025"
51.4609375,-3.16979002952576,"19-07-2025"
51.4609298706055,-3.16978001594543,"19-07-2025"
51.4608879089355,-3.16987991333008,"19-07-2025"
51.46044921875,-3.17140984535217,"19-07-2025"
51.4603805541992,-3.17148995399475,"19-07-2025"
51.4603080749512,-3.17172980308533,"19-07-2025"
51.4600296020508,-3.17238998413086,"19-07-2025"
51.459888458252,-3.17264986038208,"19-07-2025"
51.4597091674805,-3.17281985282898,"19-07-2025"
51.459659576416,-3.1729199886322,"19-07-2025"
51.4596481323242,-3.17303991317749,"19-07-2025"
51.459659576416,-3.17315983772278,"19-07-2025"
51.4596900939941,-3.17319989204407,"19-07-2025"
51.4598083496094,-3.17318987846375,"19-07-2025"
51.4598579406738,-3.17321991920471,"19-07-2025"
51.4599304199219,-3.17343997955322,"19-07-2025"
51.4601097106934,-3.17383980751038,"19-07-2025"
51.4601593017578,-3.17399001121521,"19-07-2025"
51.4601593017578,-3.17413997650146,"19-07-2025"
51.4601783752441,-3.17414999008179,"19-07-2025"
51.4601669311523,-3.17411994934082,"19-07-2025"
51.4601974487305,-3.1741099357605,"19-07-2025"
51.4602279663086,-3.17418003082275,"19-07-2025"
51.460277557373,-3.17420983314514,"19-07-2025"
51.4602699279785,-3.17423987388611,"19-07-2025"
51.4603004455566,-3.17422986030579,"19-07-2025"
51.460319519043,-3.17435002326965,"19-07-2025"
51.4603080749512,-3.17453002929688,"19-07-2025"
51.460147857666,-3.17517995834351,"19-07-2025"
51.4601669311523,-3.17529988288879,"19-07-2025"
51.4601898193359,-3.17532992362976,"19-07-2025"
51.4602394104004,-3.17540001869202,"19-07-2025"
51.4606590270996,-3.17559003829956,"19-07-2025"
51.4611701965332,-3.17588996887207,"19-07-2025"
51.4611968994141,-3.17594003677368,"19-07-2025"
51.4612693786621,-3.17597985267639,"19-07-2025"
51.4613189697266,-3.17595982551575,"19-07-2025"
51.4613380432129,-3.17593002319336,"19-07-2025"
51.4614181518555,-3.17574000358582,"19-07-2025"
51.4614868164062,-3.17562985420227,"19-07-2025"
51.461597442627,-3.17553997039795,"19-07-2025"
51.4617080688477,-3.17548990249634,"19-07-2025"
51.4618072509766,-3.17547988891602,"19-07-2025"
51.4618682861328,-3.17549991607666,"19-07-2025"
51.4619598388672,-3.17559003829956,"19-07-2025"
51.4620971679688,-3.17580986022949,"19-07-2025"
51.4622268676758,-3.17590999603271,"19-07-2025"
51.4623870849609,-3.17588996887207,"19-07-2025"
51.462459564209,-3.17584991455078,"19-07-2025"
51.462589263916,-3.17572999000549,"19-07-2025"
51.4626083374023,-3.17572999000549,"19-07-2025"
51.4625968933105,-3.17570996284485,"19-07-2025"
51.4626197814941,-3.1756899356842,"19-07-2025"
51.4626579284668,-3.17569994926453,"19-07-2025"
51.4627075195312,-3.17565989494324,"19-07-2025"
51.4627990722656,-3.17554998397827,"19-07-2025"
51.4630889892578,-3.17500996589661,"19-07-2025"
51.4633674621582,-3.17460989952087,"19-07-2025"
51.4637069702148,-3.17404985427856,"19-07-2025"
51.4637870788574,-3.1739399433136,"19-07-2025"
51.4641494750977,-3.17331981658936,"19-07-2025"
51.4641799926758,-3.17326998710632,"19-07-2025"
51.4642295837402,-3.17324995994568,"19-07-2025"
51.4643173217773,-3.17307996749878,"19-07-2025"
51.4644393920898,-3.17288994789124,"19-07-2025"
51.4645195007324,-3.17281985282898,"19-07-2025"
51.4646492004395,-3.17288994789124,"19-07-2025"
51.4647178649902,-3.17296981811523,"19-07-2025"
51.4648399353027,-3.17332983016968,"19-07-2025"
51.4649276733398,-3.17368984222412,"19-07-2025"
51.4652290344238,-3.17441987991333,"19-07-2025"
51.465259552002,-3.17454981803894,"19-07-2025"
51.465217590332,-3.17463994026184,"19-07-2025"
51.4651489257812,-3.17464995384216,"19-07-2025"
51.465087890625,-3.17458987236023,"19-07-2025"
51.4650192260742,-3.17443990707397,"19-07-2025"
51.4650001525879,-3.17441987991333,"19-07-2025"
51.4649085998535,-3.17439985275269,"19-07-2025"
51.4647483825684,-3.17446994781494,"19-07-2025"
51.4646072387695,-3.17459988594055,"19-07-2025"
51.464469909668,-3.17474985122681,"19-07-2025"
51.4642486572266,-3.17514991760254,"19-07-2025"
51.4640884399414,-3.17537999153137,"19-07-2025"
51.4639282226562,-3.17565989494324,"19-07-2025"
51.463737487793,-3.17599987983704,"19-07-2025"
51.4635696411133,-3.17640995979309,"19-07-2025"
51.4634780883789,-3.17672991752625,"19-07-2025"
51.4634475708008,-3.17698001861572,"19-07-2025"
51.4634475708008,-3.1771399974823,"19-07-2025"
51.4634284973145,-3.17741990089417,"19-07-2025"
51.4633979797363,-3.17753982543945,"19-07-2025"
51.4633102416992,-3.17775988578796,"19-07-2025"
51.463249206543,-3.17814993858337,"19-07-2025"
51.4632377624512,-3.17840981483459,"19-07-2025"
51.4632568359375,-3.17869997024536,"19-07-2025"
51.4632568359375,-3.17882990837097,"19-07-2025"
51.4632186889648,-3.17895984649658,"19-07-2025"
51.4631805419922,-3.17900991439819,"19-07-2025"
51.4630889892578,-3.1790599822998,"19-07-2025"
51.4629096984863,-3.17910981178284,"19-07-2025"
51.4629669189453,-3.1790599822998,"19-07-2025"
51.4628791809082,-3.17910003662109,"19-07-2025"
51.4626998901367,-3.17927980422974,"19-07-2025"
51.4626502990723,-3.17941999435425,"19-07-2025"
51.4626274108887,-3.17972993850708,"19-07-2025"
51.462589263916,-3.17978000640869,"19-07-2025"
51.4624786376953,-3.17976999282837,"19-07-2025"
51.462329864502,-3.17978000640869,"19-07-2025"
51.4622802734375,-3.1797399520874,"19-07-2025"
51.4620780944824,-3.17971992492676,"19-07-2025"
51.4619483947754,-3.17976999282837,"19-07-2025"
51.4618377685547,-3.17976999282837,"19-07-2025"
51.461727142334,-3.17966985702515,"19-07-2025"
51.4616584777832,-3.17953991889954,"19-07-2025"
51.4615097045898,-3.17948985099792,"19-07-2025"
51.4613189697266,-3.17948985099792,"19-07-2025"
51.4612770080566,-3.17951989173889,"19-07-2025"
51.461238861084,-3.17952990531921,"19-07-2025"
51.4611968994141,-3.17958998680115,"19-07-2025"
51.4611206054688,-3.17961001396179,"19-07-2025"
51.4610786437988,-3.17960000038147,"19-07-2025"
51.4610481262207,-3.17954993247986,"19-07-2025"
51.4610176086426,-3.17953991889954,"19-07-2025"
51.46044921875,-3.17950987815857,"19-07-2025"
51.4603576660156,-3.17951989173889,"19-07-2025"
51.460319519043,-3.17954993247986,"19-07-2025"
51.4603004455566,-3.17962980270386,"19-07-2025"
51.4603080749512,-3.17983984947205,"19-07-2025"
51.460277557373,-3.17994999885559,"19-07-2025"
51.4602088928223,-3.1799898147583,"19-07-2025"
51.4600486755371,-3.18001985549927,"19-07-2025"
51.4591102600098,-3.18010997772217,"19-07-2025"
51.4590187072754,-3.18009996414185,"19-07-2025"
51.4586982727051,-3.17997002601624,"19-07-2025"
51.458438873291,-3.17992997169495,"19-07-2025"
51.458137512207,-3.1799099445343,"19-07-2025"
51.4578285217285,-3.17993998527527,"19-07-2025"
51.4575881958008,-3.17979001998901,"19-07-2025"
51.4569969177246,-3.17953991889954,"19-07-2025"
51.4567794799805,-3.17937994003296,"19-07-2025"
51.4565582275391,-3.17925000190735,"19-07-2025"
51.4562568664551,-3.17915987968445,"19-07-2025"
51.4560699462891,-3.17903995513916,"19-07-2025"
51.4558868408203,-3.17902994155884,"19-07-2025"
51.4558181762695,-3.17898988723755,"19-07-2025"
51.4557571411133,-3.17892003059387,"19-07-2025"
51.4557189941406,-3.17880988121033,"19-07-2025"
51.4555969238281,-3.17859983444214,"19-07-2025"
51.4553489685059,-3.17826986312866,"19-07-2025"
51.455249786377,-3.17807984352112,"19-07-2025"
51.4551200866699,-3.17788982391357,"19-07-2025"
51.4549179077148,-3.17762994766235,"19-07-2025"
51.454460144043,-3.17711997032166,"19-07-2025"
51.4540901184082,-3.17660999298096,"19-07-2025"
51.4539985656738,-3.1765398979187,"19-07-2025"
51.453929901123,-3.17649984359741,"19-07-2025"
51.4537773132324,-3.17649984359741,"19-07-2025"
51.4536895751953,-3.17654991149902,"19-07-2025"
51.4536094665527,-3.1766300201416,"19-07-2025"
51.4534797668457,-3.17682981491089,"19-07-2025"
51.4534568786621,-3.17689990997314,"19-07-2025"
51.4534378051758,-3.1770498752594,"19-07-2025"
51.4534378051758,-3.17752003669739,"19-07-2025"
51.4534301757812,-3.17785000801086,"19-07-2025"
51.453369140625,-3.17835998535156,"19-07-2025"
51.4533195495605,-3.17869997024536,"19-07-2025"
51.4531669616699,-3.17923998832703,"19-07-2025"
51.4530982971191,-3.17943000793457,"19-07-2025"
51.4530601501465,-3.17958998680115,"19-07-2025"
51.4528999328613,-3.18010997772217,"19-07-2025"
51.452808380127,-3.18033003807068,"19-07-2025"
51.4527702331543,-3.180419921875,"19-07-2025"
51.4527397155762,-3.18044996261597,"19-07-2025"
51.4527397155762,-3.18042993545532,"19-07-2025"
51.4526596069336,-3.180419921875,"19-07-2025"
51.4524803161621,-3.18027997016907,"19-07-2025"
51.4523391723633,-3.18010997772217,"19-07-2025"
51.4521789550781,-3.18000984191895,"19-07-2025"
51.4520568847656,-3.18006992340088,"19-07-2025"
51.4519882202148,-3.1801598072052,"19-07-2025"
51.4518890380859,-3.18043994903564,"19-07-2025"
51.4517974853516,-3.18089985847473,"19-07-2025"
51.4516868591309,-3.18131995201111,"19-07-2025"
51.451717376709,-3.18127989768982,"19-07-2025"
51.4514770507812,-3.18212985992432,"19-07-2025"
51.4513778686523,-3.18269991874695,"19-07-2025"
51.4512977600098,-3.18285989761353,"19-07-2025"
51.4512672424316,-3.18288993835449,"19-07-2025"
51.451229095459,-3.18287992477417,"19-07-2025"
51.4510498046875,-3.18279981613159,"19-07-2025"
51.4508781433105,-3.1826000213623,"19-07-2025"
51.4507789611816,-3.18253993988037,"19-07-2025"
51.4507598876953,-3.18253993988037,"19-07-2025"
51.4506492614746,-3.18248987197876,"19-07-2025"
51.450439453125,-3.1823399066925,"19-07-2025"
51.4501075744629,-3.18217992782593,"19-07-2025"
51.4497489929199,-3.18207001686096,"19-07-2025"
51.4492301940918,-3.18180990219116,"19-07-2025"
51.4491806030273,-3.18175983428955,"19-07-2025"
51.4491386413574,-3.18164992332458,"19-07-2025"
51.4491271972656,-3.18150997161865,"19-07-2025"
51.4491386413574,-3.1812698841095,"19-07-2025"
51.4491691589355,-3.18115997314453,"19-07-2025"
51.4492073059082,-3.18105983734131,"19-07-2025"
51.4491996765137,-3.18103003501892,"19-07-2025"
51.44921875,-3.18103981018066,"19-07-2025"
51.4491577148438,-3.18093991279602,"19-07-2025"
51.4491386413574,-3.1809298992157,"19-07-2025"
51.4491004943848,-3.18094992637634,"19-07-2025"
51.4490699768066,-3.18103003501892,"19-07-2025"
51.4490776062012,-3.18104982376099,"19-07-2025"
51.4490089416504,-3.1814398765564,"19-07-2025"
51.4489402770996,-3.18150997161865,"19-07-2025"
51.448860168457,-3.18155980110168,"19-07-2025"
51.4487571716309,-3.18155002593994,"19-07-2025"
51.4486274719238,-3.18146991729736,"19-07-2025"
51.4485969543457,-3.18141984939575,"19-07-2025"
51.4484481811523,-3.18128991127014,"19-07-2025"
51.4483680725098,-3.18129992485046,"19-07-2025"
51.4483299255371,-3.18134999275208,"19-07-2025"
51.4482574462891,-3.18155002593994,"19-07-2025"
51.4482269287109,-3.18179988861084,"19-07-2025"
51.4480972290039,-3.18238997459412,"19-07-2025"
51.4480590820312,-3.1826798915863,"19-07-2025"
51.4480094909668,-3.18282985687256,"19-07-2025"
51.4479675292969,-3.18289995193481,"19-07-2025"
51.4478988647461,-3.1828498840332,"19-07-2025"
51.4478492736816,-3.18289995193481,"19-07-2025"
51.447639465332,-3.18340992927551,"19-07-2025"
51.4476776123047,-3.18348002433777,"19-07-2025"
51.4477500915527,-3.1835298538208,"19-07-2025"
51.4477500915527,-3.18355989456177,"19-07-2025"
51.4477272033691,-3.18382000923157,"19-07-2025"
51.4477386474609,-3.18408989906311,"19-07-2025"
51.4454383850098,-3.16761994361877,"19-07-2025"
51.4459495544434,-3.16715002059937,"19-07-2025"
51.4462776184082,-3.16679000854492,"19-07-2025"
51.4470596313477,-3.16602993011475,"19-07-2025"
51.4471702575684,-3.1659300327301,"19-07-2025"
51.447208404541,-3.16588997840881,"19-07-2025"
51.4471969604492,-3.16586995124817,"19-07-2025"
51.4472198486328,-3.16587996482849,"19-07-2025"
51.4474182128906,-3.16564989089966,"19-07-2025"
51.4476699829102,-3.16540002822876,"19-07-2025"
51.4477996826172,-3.16527986526489,"19-07-2025"
51.4478874206543,-3.16524982452393,"19-07-2025"
51.448070526123,-3.16496992111206,"19-07-2025"
51.4481582641602,-3.16492986679077,"19-07-2025"
51.4483680725098,-3.16477990150452,"19-07-2025"
51.4486389160156,-3.16470003128052,"19-07-2025"
51.4489784240723,-3.16470980644226,"19-07-2025"
51.4492988586426,-3.16475987434387,"19-07-2025"
51.4497299194336,-3.16479992866516,"19-07-2025"
51.4510078430176,-3.16500997543335,"19-07-2025"
51.4513702392578,-3.16493988037109,"19-07-2025"
51.4514999389648,-3.16488003730774,"19-07-2025"
51.4516983032227,-3.16474986076355,"19-07-2025"
51.4518089294434,-3.16465997695923,"19-07-2025"
51.4518585205078,-3.16458988189697,"19-07-2025"
51.4520492553711,-3.16426992416382,"19-07-2025"
51.4521789550781,-3.16399002075195,"19-07-2025"
51.4522171020508,-3.16393995285034,"19-07-2025"
51.4522285461426,-3.16385984420776,"19-07-2025"
51.4522972106934,-3.16365003585815,"19-07-2025"
51.4523696899414,-3.163489818573,"19-07-2025"
51.4526901245117,-3.16269993782043,"19-07-2025"
51.4527587890625,-3.16256999969482,"19-07-2025"
51.4529190063477,-3.16231989860535,"19-07-2025"
51.4531784057617,-3.16200995445251,"19-07-2025"
51.4534072875977,-3.16184997558594,"19-07-2025"
51.4535102844238,-3.16184997558594,"19-07-2025"
51.4535903930664,-3.16191983222961,"19-07-2025"
51.453800201416,-3.16225981712341,"19-07-2025"
51.453800201416,-3.16231989860535,"19-07-2025"
51.453929901123,-3.16189980506897,"19-07-2025"
51.453987121582,-3.16177988052368,"19-07-2025"
51.4540405273438,-3.16174983978271,"19-07-2025"
51.4541397094727,-3.16172981262207,"19-07-2025"
51.4541893005371,-3.16174983978271,"19-07-2025"
51.45458984375,-3.16203999519348,"19-07-2025"
51.4549674987793,-3.16225981712341,"19-07-2025"
51.4554786682129,-3.16247987747192,"19-07-2025"
51.4558181762695,-3.16253995895386,"19-07-2025"
51.4559478759766,-3.16259002685547,"19-07-2025"
51.4562797546387,-3.16252994537354,"19-07-2025"
51.4567604064941,-3.16232991218567,"19-07-2025"
51.4568901062012,-3.16224980354309,"19-07-2025"
51.4569473266602,-3.16218996047974,"19-07-2025"
51.4572792053223,-3.1619598865509,"19-07-2025"
51.457649230957,-3.16157984733582,"19-07-2025"
51.4577484130859,-3.16149997711182,"19-07-2025"
51.4578399658203,-3.16145992279053,"19-07-2025"
51.4579772949219,-3.16143989562988,"19-07-2025"
51.4580497741699,-3.16137981414795,"19-07-2025"
51.4584770202637,-3.16073989868164,"19-07-2025"
51.4589881896973,-3.16002988815308,"19-07-2025"
51.4591102600098,-3.15978002548218,"19-07-2025"
51.4591789245605,-3.15965986251831,"19-07-2025"
51.4593086242676,-3.15950989723206,"19-07-2025"
51.4594573974609,-3.15937995910645,"19-07-2025"
51.4595794677734,-3.15919995307922,"19-07-2025"
51.4596405029297,-3.15912985801697,"19-07-2025"
51.4598503112793,-3.15908980369568,"19-07-2025"
51.460578918457,-3.15913987159729,"19-07-2025"
51.4607086181641,-3.15911984443665,"19-07-2025"
51.4608001708984,-3.15908002853394,"19-07-2025"
51.460880279541,-3.15900993347168,"19-07-2025"
51.461009979248,-3.15883994102478,"19-07-2025"
51.4612197875977,-3.15854001045227,"19-07-2025"
51.4613189697266,-3.1583399772644,"19-07-2025"
51.4614372253418,-3.15821003913879,"19-07-2025"
51.4616889953613,-3.15782999992371,"19-07-2025"
51.4620170593262,-3.15739989280701,"19-07-2025"
51.4621391296387,-3.15731000900269,"19-07-2025"
51.4622497558594,-3.15729999542236,"19-07-2025"
51.4622688293457,-3.15738987922668,"19-07-2025"
51.462287902832,-3.1574399471283,"19-07-2025"
51.4624481201172,-3.15773987770081,"19-07-2025"
51.4624786376953,-3.15776991844177,"19-07-2025"
51.4626274108887,-3.15757989883423,"19-07-2025"
51.4627876281738,-3.15732002258301,"19-07-2025"
51.4628791809082,-3.15722990036011,"19-07-2025"
51.4628982543945,-3.15727996826172,"19-07-2025"
51.4629096984863,-3.15724992752075,"19-07-2025"
51.4629402160645,-3.15721988677979,"19-07-2025"
51.4634704589844,-3.15647983551025,"19-07-2025"
51.4635200500488,-3.15644001960754,"19-07-2025"
51.4635772705078,-3.15643000602722,"19-07-2025"
51.4636573791504,-3.1564998626709,"19-07-2025"
51.4638900756836,-3.15687990188599,"19-07-2025"
51.4639282226562,-3.15691995620728,"19-07-2025"
51.4639778137207,-3.15690994262695,"19-07-2025"
51.4642677307129,-3.15643000602722,"19-07-2025"
51.4645690917969,-3.15584993362427,"19-07-2025"
51.4645500183105,-3.15584993362427,"19-07-2025"
51.4645690917969,-3.15583992004395,"19-07-2025"
51.4646682739258,-3.15562987327576,"19-07-2025"
51.4646682739258,-3.1555700302124,"19-07-2025"
51.4646377563477,-3.15549993515015,"19-07-2025"
51.4645500183105,-3.15540981292725,"19-07-2025"
51.4645080566406,-3.15534996986389,"19-07-2025"
51.4645004272461,-3.15523982048035,"19-07-2025"
51.4646682739258,-3.15487003326416,"19-07-2025"
51.4646987915039,-3.15480995178223,"19-07-2025"
51.4647789001465,-3.15478992462158,"19-07-2025"
51.4648780822754,-3.15493988990784,"19-07-2025"
51.4649391174316,-3.15508985519409,"19-07-2025"
51.4651374816895,-3.15541982650757,"19-07-2025"
51.4651679992676,-3.15551996231079,"19-07-2025"
51.4651374816895,-3.15559983253479,"19-07-2025"
51.4650497436523,-3.15568995475769,"19-07-2025"
51.464958190918,-3.15582990646362,"19-07-2025"
51.4647903442383,-3.15616989135742,"19-07-2025"
51.4645004272461,-3.15664982795715,"19-07-2025"
51.4642791748047,-3.15706992149353,"19-07-2025"
51.4642372131348,-3.15718984603882,"19-07-2025"
51.4642372131348,-3.15733003616333,"19-07-2025"
51.4643096923828,-3.15752983093262,"19-07-2025"
51.4644393920898,-3.15767002105713,"19-07-2025"
51.4646301269531,-3.15779995918274,"19-07-2025"
51.464656829834,-3.15789985656738,"19-07-2025"
51.464656829834,-3.15810990333557,"19-07-2025"
51.4646186828613,-3.1581699848175,"19-07-2025"
51.4645195007324,-3.15817999839783,"19-07-2025"
51.4644584655762,-3.15823984146118,"19-07-2025"
51.4641876220703,-3.1586799621582,"19-07-2025"
51.4640998840332,-3.15886998176575,"19-07-2025"
51.4640083312988,-3.15910983085632,"19-07-2025"
51.4639587402344,-3.15931987762451,"19-07-2025"
51.4638977050781,-3.15942001342773,"19-07-2025"
51.4637680053711,-3.15938997268677,"19-07-2025"
51.4636993408203,-3.1594398021698,"19-07-2025"
51.4631195068359,-3.1602098941803,"19-07-2025"
51.4627380371094,-3.16067981719971,"19-07-2025"
51.4627075195312,-3.16072988510132,"19-07-2025"
51.4626884460449,-3.16094994544983,"19-07-2025"
51.4625473022461,-3.16119980812073,"19-07-2025"
51.4624481201172,-3.16163992881775,"19-07-2025"
51.462459564209,-3.16162991523743,"19-07-2025"
51.4624786376953,-3.16171002388,"19-07-2025"
51.4625091552734,-3.16174983978271,"19-07-2025"
51.4627494812012,-3.16190981864929,"19-07-2025"
51.4630699157715,-3.16216993331909,"19-07-2025"
51.463207244873,-3.16230988502502,"19-07-2025"
51.4634399414062,-3.16287994384766,"19-07-2025"
51.4635391235352,-3.16301989555359,"19-07-2025"
51.4636383056641,-3.16304993629456,"19-07-2025"
51.4637794494629,-3.16295981407166,"19-07-2025"
51.4638595581055,-3.16300988197327,"19-07-2025"
51.4638900756836,-3.16305994987488,"19-07-2025"
51.4638977050781,-3.16312980651855,"19-07-2025"
51.4638977050781,-3.16338992118835,"19-07-2025"
51.4639205932617,-3.16347002983093,"19-07-2025"
51.4639587402344,-3.16352987289429,"19-07-2025"
51.4640884399414,-3.16358995437622,"19-07-2025"
51.4641304016113,-3.16355991363525,"19-07-2025"
51.4641380310059,-3.16349983215332,"19-07-2025"
51.4647903442383,-3.16413998603821,"19-07-2025"
51.4647789001465,-3.16427993774414,"19-07-2025"
51.4647178649902,-3.1645200252533,"19-07-2025"
51.4647178649902,-3.16463994979858,"19-07-2025"
51.4646797180176,-3.1646900177002,"19-07-2025"
51.4645004272461,-3.16477990150452,"19-07-2025"
51.4644088745117,-3.16486001014709,"19-07-2025"
51.4643898010254,-3.16509985923767,"19-07-2025"
51.4642677307129,-3.16559982299805,"19-07-2025"
51.4642181396484,-3.16565990447998,"19-07-2025"
51.4641571044922,-3.16567993164062,"19-07-2025"
51.4640998840332,-3.16574001312256,"19-07-2025"
51.4640579223633,-3.16584992408752,"19-07-2025"
51.4640197753906,-3.16611003875732,"19-07-2025"
51.4639778137207,-3.16620993614197,"19-07-2025"
51.463939666748,-3.1662700176239,"19-07-2025"
51.4638481140137,-3.16631984710693,"19-07-2025"
51.4636268615723,-3.16624999046326,"19-07-2025"
51.4634284973145,-3.16614985466003,"19-07-2025"
51.4633102416992,-3.16613984107971,"19-07-2025"
51.4631881713867,-3.16619992256165,"19-07-2025"
51.4630889892578,-3.16636991500854,"19-07-2025"
51.463020324707,-3.16656994819641,"19-07-2025"
51.4630279541016,-3.16665983200073,"19-07-2025"
51.463020324707,-3.16682982444763,"19-07-2025"
51.4630470275879,-3.16701984405518,"19-07-2025"
51.4629974365234,-3.16717982292175,"19-07-2025"
51.4628982543945,-3.16789984703064,"19-07-2025"
51.4627685546875,-3.16828989982605,"19-07-2025"
51.4626388549805,-3.16881990432739,"19-07-2025"
51.462589263916,-3.16891002655029,"19-07-2025"
51.4626502990723,-3.16899991035461,"19-07-2025"
51.4626770019531,-3.16909980773926,"19-07-2025"
51.4625701904297,-3.16927003860474,"19-07-2025"
51.4624481201172,-3.16949987411499,"19-07-2025"
51.4624099731445,-3.1695499420166,"19-07-2025"
51.4622497558594,-3.16956996917725,"19-07-2025"
51.4621276855469,-3.16949987411499,"19-07-2025"
51.4619102478027,-3.16944003105164,"19-07-2025"
51.4613494873047,-3.16935992240906,"19-07-2025"
51.4612197875977,-3.16931986808777,"19-07-2025"
51.4611396789551,-3.16934990882874,"19-07-2025"
51.461067199707,-3.16942000389099,"19-07-2025"
51.4609375,-3.16979002952576,"19-07-2025"
51.4609298706055,-3.16978001594543,"19-07-2025"
51.4608879089355,-3.16987991333008,"19-07-2025"
51.46044921875,-3.17140984535217,"19-07-2025"
51.4603805541992,-3.17148995399475,"19-07-2025"
51.4603080749512,-3.17172980308533,"19-07-2025"
51.4600296020508,-3.17238998413086,"19-07-2025"
51.459888458252,-3.17264986038208,"19-07-2025"
51.4597091674805,-3.17281985282898,"19-07-2025"
51.459659576416,-3.1729199886322,"19-07-2025"
51.4596481323242,-3.17303991317749,"19-07-2025"
51.459659576416,-3.17315983772278,"19-07-2025"
51.4596900939941,-3.17319989204407,"19-07-2025"
51.4598083496094,-3.17318987846375,"19-07-2025"
51.4598579406738,-3.17321991920471,"19-07-2025"
51.4599304199219,-3.17343997955322,"19-07-2025"
51.4601097106934,-3.17383980751038,"19-07-2025"
51.4601593017578,-3.17399001121521,"19-07-2025"
51.4601593017578,-3.17413997650146,"19-07-2025"
51.4601783752441,-3.17414999008179,"19-07-2025"
51.4601669311523,-3.17411994934082,"19-07-2025"
51.4601974487305,-3.1741099357605,"19-07-2025"
51.4602279663086,-3.17418003082275,"19-07-2025"
51.460277557373,-3.17420983314514,"19-07-2025"
51.4602699279785,-3.17423987388611,"19-07-2025"
51.4603004455566,-3.17422986030579,"19-07-2025"
51.460319519043,-3.17435002326965,"19-07-2025"
51.4603080749512,-3.17453002929688,"19-07-2025"
51.460147857666,-3.17517995834351,"19-07-2025"
51.4601669311523,-3.17529988288879,"19-07-2025"
51.4601898193359,-3.17532992362976,"19-07-2025"
51.4602394104004,-3.17540001869202,"19-07-2025"
51.4606590270996,-3.17559003829956,"19-07-2025"
51.4611701965332,-3.17588996887207,"19-07-2025"
51.4611968994141,-3.17594003677368,"19-07-2025"
51.4612693786621,-3.17597985267639,"19-07-2025"
51.4613189697266,-3.17595982551575,"19-07-2025"
51.4613380432129,-3.17593002319336,"19-07-2025"
51.4614181518555,-3.17574000358582,"19-07-2025"
51.4614868164062,-3.17562985420227,"19-07-2025"
51.461597442627,-3.17553997039795,"19-07-2025"
51.4617080688477,-3.17548990249634,"19-07-2025"
51.4618072509766,-3.17547988891602,"19-07-2025"
51.4618682861328,-3.17549991607666,"19-07-2025"
51.4619598388672,-3.17559003829956,"19-07-2025"
51.4620971679688,-3.17580986022949,"19-07-2025"
51.4622268676758,-3.17590999603271,"19-07-2025"
51.4623870849609,-3.17588996887207,"19-07-2025"
51.462459564209,-3.17584991455078,"19-07-2025"
51.462589263916,-3.17572999000549,"19-07-2025"
51.4626083374023,-3.17572999000549,"19-07-2025"
51.4625968933105,-3.17570996284485,"19-07-2025"
51.4626197814941,-3.1756899356842,"19-07-2025"
51.4626579284668,-3.17569994926453,"19-07-2025"
51.4627075195312,-3.17565989494324,"19-07-2025"
51.4627990722656,-3.17554998397827,"19-07-2025"
51.4630889892578,-3.17500996589661,"19-07-2025"
51.4633674621582,-3.17460989952087,"19-07-2025"
51.4637069702148,-3.17404985427856,"19-07-2025"
51.4637870788574,-3.1739399433136,"19-07-2025"
51.4641494750977,-3.17331981658936,"19-07-2025"
51.4641799926758,-3.17326998710632,"19-07-2025"
51.4642295837402,-3.17324995994568,"19-07-2025"
51.4643173217773,-3.17307996749878,"19-07-2025"
51.4644393920898,-3.17288994789124,"19-07-2025"
51.4645195007324,-3.17281985282898,"19-07-2025"
51.4646492004395,-3.17288994789124,"19-07-2025"
51.4647178649902,-3.17296981811523,"19-07-2025"
51.4648399353027,-3.17332983016968,"19-07-2025"
51.4649276733398,-3.17368984222412,"19-07-2025"
51.4652290344238,-3.17441987991333,"19-07-2025"
51.465259552002,-3.17454981803894,"19-07-2025"
51.465217590332,-3.17463994026184,"19-07-2025"
51.4651489257812,-3.17464995384216,"19-07-2025"
51.465087890625,-3.17458987236023,"19-07-2025"
51.4650192260742,-3.17443990707397,"19-07-2025"
51.4650001525879,-3.17441987991333,"19-07-2025"
51.4649085998535,-3.17439985275269,"19-07-2025"
51.4647483825684,-3.17446994781494,"19-07-2025"
51.4646072387695,-3.17459988594055,"19-07-2025"
51.464469909668,-3.17474985122681,"19-07-2025"
51.4642486572266,-3.17514991760254,"19-07-2025"
51.4640884399414,-3.17537999153137,"19-07-2025"
51.4639282226562,-3.17565989494324,"19-07-2025"
51.463737487793,-3.17599987983704,"19-07-2025"
51.4635696411133,-3.17640995979309,"19-07-2025"
51.4634780883789,-3.17672991752625,"19-07-2025"
51.4634475708008,-3.17698001861572,"19-07-2025"
51.4634475708008,-3.1771399974823,"19-07-2025"
51.4634284973145,-3.17741990089417,"19-07-2025"
51.4633979797363,-3.17753982543945,"19-07-2025"
51.4633102416992,-3.17775988578796,"19-07-2025"
51.463249206543,-3.17814993858337,"19-07-2025"
51.4632377624512,-3.17840981483459,"19-07-2025"
51.4632568359375,-3.17869997024536,"19-07-2025"
51.4632568359375,-3.17882990837097,"19-07-2025"
51.4632186889648,-3.17895984649658,"19-07-2025"
51.4631805419922,-3.17900991439819,"19-07-2025"
51.4630889892578,-3.1790599822998,"19-07-2025"
51.4629096984863,-3.17910981178284,"19-07-2025"
51.4629669189453,-3.1790599822998,"19-07-2025"
51.4628791809082,-3.17910003662109,"19-07-2025"
51.4626998901367,-3.17927980422974,"19-07-2025"
51.4626502990723,-3.17941999435425,"19-07-2025"
51.4626274108887,-3.17972993850708,"19-07-2025"
51.462589263916,-3.17978000640869,"19-07-2025"
51.4624786376953,-3.17976999282837,"19-07-2025"
51.462329864502,-3.17978000640869,"19-07-2025"
51.4622802734375,-3.1797399520874,"19-07-2025"
51.4620780944824,-3.17971992492676,"19-07-2025"
51.4619483947754,-3.17976999282837,"19-07-2025"
51.4618377685547,-3.17976999282837,"19-07-2025"
51.461727142334,-3.17966985702515,"19-07-2025"
51.4616584777832,-3.17953991889954,"19-07-2025"
51.4615097045898,-3.17948985099792,"19-07-2025"
51.4613189697266,-3.17948985099792,"19-07-2025"
51.4612770080566,-3.17951989173889,"19-07-2025"
51.461238861084,-3.17952990531921,"19-07-2025"
51.4611968994141,-3.17958998680115,"19-07-2025"
51.4611206054688,-3.17961001396179,"19-07-2025"
51.4610786437988,-3.17960000038147,"19-07-2025"
51.4610481262207,-3.17954993247986,"19-07-2025"
51.4610176086426,-3.17953991889954,"19-07-2025"
51.46044921875,-3.17950987815857,"19-07-2025"
51.4603576660156,-3.17951989173889,"19-07-2025"
51.460319519043,-3.17954993247986,"19-07-2025"
51.4603004455566,-3.17962980270386,"19-07-2025"
51.4603080749512,-3.17983984947205,"19-07-2025"
51.460277557373,-3.17994999885559,"19-07-2025"
51.4602088928223,-3.1799898147583,"19-07-2025"
51.4600486755371,-3.18001985549927,"19-07-2025"
51.4591102600098,-3.18010997772217,"19-07-2025"
51.4590187072754,-3.18009996414185,"19-07-2025"
51.4586982727051,-3.17997002601624,"19-07-2025"
51.458438873291,-3.17992997169495,"19-07-2025"
51.458137512207,-3.1799099445343,"19-07-2025"
51.4578285217285,-3.17993998527527,"19-07-2025"
51.4575881958008,-3.17979001998901,"19-07-2025"
51.4569969177246,-3.17953991889954,"19-07-2025"
51.4567794799805,-3.17937994003296,"19-07-2025"
51.4565582275391,-3.17925000190735,"19-07-2025"
51.4562568664551,-3.17915987968445,"19-07-2025"
51.4560699462891,-3.17903995513916,"19-07-2025"
51.4558868408203,-3.17902994155884,"19-07-2025"
51.4558181762695,-3.17898988723755,"19-07-2025"
51.4557571411133,-3.17892003059387,"19-07-2025"
51.4557189941406,-3.17880988121033,"19-07-2025"
51.4555969238281,-3.17859983444214,"19-07-2025"
51.4553489685059,-3.17826986312866,"19-07-2025"
51.455249786377,-3.17807984352112,"19-07-2025"
51.4551200866699,-3.17788982391357,"19-07-2025"
51.4549179077148,-3.17762994766235,"19-07-2025"
51.454460144043,-3.17711997032166,"19-07-2025"
51.4540901184082,-3.17660999298096,"19-07-2025"
51.4539985656738,-3.1765398979187,"19-07-2025"
51.453929901123,-3.17649984359741,"19-07-2025"
51.4537773132324,-3.17649984359741,"19-07-2025"
51.4536895751953,-3.17654991149902,"19-07-2025"
51.4536094665527,-3.1766300201416,"19-07-2025"
51.4534797668457,-3.17682981491089,"19-07-2025"
51.4534568786621,-3.17689990997314,"19-07-2025"
51.4534378051758,-3.1770498752594,"19-07-2025"
51.4534378051758,-3.17752003669739,"19-07-2025"
51.4534301757812,-3.17785000801086,"19-07-2025"
51.453369140625,-3.17835998535156,"19-07-2025"
51.4533195495605,-3.17869997024536,"19-07-2025"
51.4531669616699,-3.17923998832703,"19-07-2025"
51.4530982971191,-3.17943000793457,"19-07-2025"
51.4530601501465,-3.17958998680115,"19-07-2025"
51.4528999328613,-3.18010997772217,"19-07-2025"
51.452808380127,-3.18033003807068,"19-07-2025"
51.4527702331543,-3.180419921875,"19-07-2025"
51.4527397155762,-3.18044996261597,"19-07-2025"
51.4527397155762,-3.18042993545532,"19-07-2025"
51.4526596069336,-3.180419921875,"19-07-2025"
51.4524803161621,-3.18027997016907,"19-07-2025"
51.4523391723633,-3.18010997772217,"19-07-2025"
51.4521789550781,-3.18000984191895,"19-07-2025"
51.4520568847656,-3.18006992340088,"19-07-2025"
51.4519882202148,-3.1801598072052,"19-07-2025"
51.4518890380859,-3.18043994903564,"19-07-2025"
51.4517974853516,-3.18089985847473,"19-07-2025"
51.4516868591309,-3.18131995201111,"19-07-2025"
51.451717376709,-3.18127989768982,"19-07-2025"
51.4514770507812,-3.18212985992432,"19-07-2025"
51.4513778686523,-3.18269991874695,"19-07-2025"
51.4512977600098,-3.18285989761353,"19-07-2025"
51.4512672424316,-3.18288993835449,"19-07-2025"
51.451229095459,-3.18287992477417,"19-07-2025"
51.4510498046875,-3.18279981613159,"19-07-2025"
51.4508781433105,-3.1826000213623,"19-07-2025"
51.4507789611816,-3.18253993988037,"19-07-2025"
51.4507598876953,-3.18253993988037,"19-07-2025"
51.4506492614746,-3.18248987197876,"19-07-2025"
51.450439453125,-3.1823399066925,"19-07-2025"
51.4501075744629,-3.18217992782593,"19-07-2025"
51.4497489929199,-3.18207001686096,"19-07-2025"
51.4492301940918,-3.18180990219116,"19-07-2025"
51.4491806030273,-3.18175983428955,"19-07-2025"
51.4491386413574,-3.18164992332458,"19-07-2025"
51.4491271972656,-3.18150997161865,"19-07-2025"
51.4491386413574,-3.1812698841095,"19-07-2025"
51.4491691589355,-3.18115997314453,"19-07-2025"
51.4492073059082,-3.18105983734131,"19-07-2025"
51.4491996765137,-3.18103003501892,"19-07-2025"
51.44921875,-3.18103981018066,"19-07-2025"
51.4491577148438,-3.18093991279602,"19-07-2025"
51.4491386413574,-3.1809298992157,"19-07-2025"
51.4491004943848,-3.18094992637634,"19-07-2025"
51.4490699768066,-3.18103003501892,"19-07-2025"
51.4490776062012,-3.18104982376099,"19-07-2025"
51.4490089416504,-3.1814398765564,"19-07-2025"
51.4489402770996,-3.18150997161865,"19-07-2025"
51.448860168457,-3.18155980110168,"19-07-2025"
51.4487571716309,-3.18155002593994,"19-07-2025"
51.4486274719238,-3.18146991729736,"19-07-2025"
51.4485969543457,-3.18141984939575,"19-07-2025"
51.4484481811523,-3.18128991127014,"19-07-2025"
51.4483680725098,-3.18129992485046,"19-07-2025"
51.4483299255371,-3.18134999275208,"19-07-2025"
51.4482574462891,-3.18155002593994,"19-07-2025"
51.4482269287109,-3.18179988861084,"19-07-2025"
51.4480972290039,-3.18238997459412,"19-07-2025"
51.4480590820312,-3.1826798915863,"19-07-2025"
51.4480094909668,-3.18282985687256,"19-07-2025"
51.4479675292969,-3.18289995193481,"19-07-2025"
51.4478988647461,-3.1828498840332,"19-07-2025"
51.4478492736816,-3.18289995193481,"19-07-2025"
51.447639465332,-3.18340992927551,"19-07-2025"
51.4476776123047,-3.18348002433777,"19-07-2025"
51.4477500915527,-3.1835298538208,"19-07-2025"
51.4477500915527,-3.18355989456177,"19-07-2025"
51.4477272033691,-3.18382000923157,"19-07-2025"
51.4477386474609,-3.18408989906311,"19-07-2025"
51.4444999694824,-3.19928002357483,"16-07-2025"
51.444580078125,-3.19929003715515,"16-07-2025"
51.4445571899414,-3.19933986663818,"16-07-2025"
51.4446182250977,-3.19949984550476,"16-07-2025"
51.4446487426758,-3.19969987869263,"16-07-2025"
51.4446182250977,-3.19973993301392,"16-07-2025"
51.4445381164551,-3.200119972229,"16-07-2025"
51.4444389343262,-3.20047998428345,"16-07-2025"
51.4443893432617,-3.20078992843628,"16-07-2025"
51.4441604614258,-3.20143985748291,"16-07-2025"
51.4441070556641,-3.2016499042511,"16-07-2025"
51.4440994262695,-3.20173001289368,"16-07-2025"
51.444149017334,-3.201740026474,"16-07-2025"
51.4441986083984,-3.20183992385864,"16-07-2025"
51.4441871643066,-3.20202994346619,"16-07-2025"
51.4441604614258,-3.20213985443115,"16-07-2025"
51.4441680908203,-3.20230984687805,"16-07-2025"
51.4443778991699,-3.20272994041443,"16-07-2025"
51.4444999694824,-3.20306992530823,"16-07-2025"
51.444637298584,-3.20358991622925,"16-07-2025"
51.444709777832,-3.20375990867615,"16-07-2025"
51.444766998291,-3.20385980606079,"16-07-2025"
51.4450378417969,-3.20411992073059,"16-07-2025"
51.445198059082,-3.20422983169556,"16-07-2025"
51.445198059082,-3.20438981056213,"16-07-2025"
51.4452285766602,-3.20447993278503,"16-07-2025"
51.4452476501465,-3.20447993278503,"16-07-2025"
51.4452896118164,-3.20468997955322,"16-07-2025"
51.4453201293945,-3.20511984825134,"16-07-2025"
51.445426940918,-3.2055299282074,"16-07-2025"
51.4454689025879,-3.20577001571655,"16-07-2025"
51.4456176757812,-3.206209897995,"16-07-2025"
51.4456672668457,-3.20619988441467,"16-07-2025"
51.4456901550293,-3.20625996589661,"16-07-2025"
51.4456977844238,-3.20680999755859,"16-07-2025"
51.4457702636719,-3.20771980285645,"16-07-2025"
51.4458389282227,-3.20776987075806,"16-07-2025"
51.4461402893066,-3.20785999298096,"16-07-2025"
51.4462585449219,-3.20793986320496,"16-07-2025"
51.446418762207,-3.20811986923218,"16-07-2025"
51.4465293884277,-3.2081298828125,"16-07-2025"
51.4466171264648,-3.20818996429443,"16-07-2025"
51.446720123291,-3.20860981941223,"16-07-2025"
51.4467468261719,-3.20894002914429,"16-07-2025"
51.4467887878418,-3.20912981033325,"16-07-2025"
51.446949005127,-3.20967984199524,"16-07-2025"
51.4470977783203,-3.21003985404968,"16-07-2025"
51.447208404541,-3.21035981178284,"16-07-2025"
51.4472389221191,-3.21058988571167,"16-07-2025"
51.4471893310547,-3.21070003509521,"16-07-2025"
51.4472885131836,-3.21077990531921,"16-07-2025"
51.4472885131836,-3.21085000038147,"16-07-2025"
51.4472885131836,-3.2108199596405,"16-07-2025"
51.4472885131836,-3.21085000038147,"16-07-2025"
51.4473075866699,-3.21085000038147,"16-07-2025"
51.4472885131836,-3.21082997322083,"16-07-2025"
51.4472999572754,-3.21080994606018,"16-07-2025"
51.4473876953125,-3.21087980270386,"16-07-2025"
51.4474868774414,-3.21105980873108,"16-07-2025"
51.4475479125977,-3.21121001243591,"16-07-2025"
51.4476280212402,-3.21151995658875,"16-07-2025"
51.4477500915527,-3.21182990074158,"16-07-2025"
51.4477996826172,-3.2119300365448,"16-07-2025"
51.4480171203613,-3.21220993995667,"16-07-2025"
51.448070526123,-3.21233987808228,"16-07-2025"
51.4480972290039,-3.21256995201111,"16-07-2025"
51.4479103088379,-3.21350002288818,"16-07-2025"
51.4477882385254,-3.2139298915863,"16-07-2025"
51.4477500915527,-3.21399998664856,"16-07-2025"
51.4476699829102,-3.21406984329224,"16-07-2025"
51.4475898742676,-3.2141900062561,"16-07-2025"
51.4475402832031,-3.21421003341675,"16-07-2025"
51.4472503662109,-3.21447992324829,"16-07-2025"
51.446907043457,-3.21493983268738,"16-07-2025"
51.4468269348145,-3.21510982513428,"16-07-2025"
51.4467887878418,-3.21529984474182,"16-07-2025"
51.4467582702637,-3.21555995941162,"16-07-2025"
51.4467086791992,-3.21570992469788,"16-07-2025"
51.4464073181152,-3.21619987487793,"16-07-2025"
51.4460105895996,-3.21668982505798,"16-07-2025"
51.4458198547363,-3.21684002876282,"16-07-2025"
51.4453468322754,-3.21696996688843,"16-07-2025"
51.4451789855957,-3.21697998046875,"16-07-2025"
51.4449195861816,-3.21692991256714,"16-07-2025"
51.4446868896484,-3.2170398235321,"16-07-2025"
51.4447898864746,-3.21700000762939,"16-07-2025"
51.4447593688965,-3.21711993217468,"16-07-2025"
51.4448394775391,-3.21738982200623,"16-07-2025"
51.4449577331543,-3.21772003173828,"16-07-2025"
51.4450492858887,-3.21788001060486,"16-07-2025"
51.445198059082,-3.21807980537415,"16-07-2025"
51.4452705383301,-3.21826982498169,"16-07-2025"
51.4452476501465,-3.21855998039246,"16-07-2025"
51.4450874328613,-3.21906995773315,"16-07-2025"
51.4449882507324,-3.21960997581482,"16-07-2025"
51.4448699951172,-3.21992993354797,"16-07-2025"
51.4447898864746,-3.22003984451294,"16-07-2025"
51.4445190429688,-3.22016000747681,"16-07-2025"
51.4441604614258,-3.22058987617493,"16-07-2025"
51.4439468383789,-3.22077989578247,"16-07-2025"
51.443717956543,-3.2210898399353,"16-07-2025"
51.4435195922852,-3.22128987312317,"16-07-2025"
51.4432487487793,-3.22156000137329,"16-07-2025"
51.4429779052734,-3.22176003456116,"16-07-2025"
51.4429588317871,-3.22183990478516,"16-07-2025"
51.4429397583008,-3.22232985496521,"16-07-2025"
51.4429168701172,-3.22247982025146,"16-07-2025"
51.4428100585938,-3.22271990776062,"16-07-2025"
51.4427070617676,-3.22283983230591,"16-07-2025"
51.4426803588867,-3.22283983230591,"16-07-2025"
51.4427185058594,-3.22289991378784,"16-07-2025"
51.4427185058594,-3.22316002845764,"16-07-2025"
51.4427375793457,-3.22312998771667,"16-07-2025"
51.4427299499512,-3.22316002845764,"16-07-2025"
51.4426193237305,-3.22310996055603,"16-07-2025"
51.4424591064453,-3.22327995300293,"16-07-2025"
51.4423370361328,-3.22333002090454,"16-07-2025"
51.4418983459473,-3.22326993942261,"16-07-2025"
51.4418182373047,-3.22322988510132,"16-07-2025"
51.4416694641113,-3.2230498790741,"16-07-2025"
51.4414482116699,-3.22294998168945,"16-07-2025"
51.4410705566406,-3.22265982627869,"16-07-2025"
51.4406890869141,-3.22216987609863,"16-07-2025"
51.4404373168945,-3.2220299243927,"16-07-2025"
51.4401092529297,-3.22193002700806,"16-07-2025"
51.4400901794434,-3.22188997268677,"16-07-2025"
51.4396095275879,-3.22206997871399,"16-07-2025"
51.4394798278809,-3.22214984893799,"16-07-2025"
51.4393005371094,-3.22237992286682,"16-07-2025"
51.4391899108887,-3.22259998321533,"16-07-2025"
51.4391593933105,-3.22268986701965,"16-07-2025"
51.4391593933105,-3.22302985191345,"16-07-2025"
51.4392890930176,-3.22337985038757,"16-07-2025"
51.439697265625,-3.22422981262207,"16-07-2025"
51.4398193359375,-3.22456002235413,"16-07-2025"
51.4398994445801,-3.22494983673096,"16-07-2025"
51.4399375915527,-3.2249698638916,"16-07-2025"
51.4399070739746,-3.22499990463257,"16-07-2025"
51.4399604797363,-3.2251398563385,"16-07-2025"
51.439998626709,-3.22534990310669,"16-07-2025"
51.4400482177734,-3.22591996192932,"16-07-2025"
51.4400177001953,-3.2260799407959,"16-07-2025"
51.4400672912598,-3.22659993171692,"16-07-2025"
51.4402275085449,-3.22720980644226,"16-07-2025"
51.4406394958496,-3.22820997238159,"16-07-2025"
51.4408569335938,-3.22859001159668,"16-07-2025"
51.44091796875,-3.22864985466003,"16-07-2025"
51.4410171508789,-3.22870993614197,"16-07-2025"
51.4411773681641,-3.22873997688293,"16-07-2025"
51.4413299560547,-3.228679895401,"16-07-2025"
51.4415702819824,-3.22842001914978,"16-07-2025"
51.4418487548828,-3.22820997238159,"16-07-2025"
51.4428977966309,-3.22796988487244,"16-07-2025"
51.4430503845215,-3.22794985771179,"16-07-2025"
51.443359375,-3.22801995277405,"16-07-2025"
51.4435272216797,-3.22801995277405,"16-07-2025"
51.44384765625,-3.22797989845276,"16-07-2025"
51.444149017334,-3.22763991355896,"16-07-2025"
51.4443778991699,-3.22751998901367,"16-07-2025"
51.4445495605469,-3.22738981246948,"16-07-2025"
51.4448585510254,-3.22729992866516,"16-07-2025"
51.4449272155762,-3.22738003730774,"16-07-2025"
51.4449081420898,-3.22734999656677,"16-07-2025"
51.4447593688965,-3.22744989395142,"16-07-2025"
51.4446182250977,-3.22746992111206,"16-07-2025"
51.4445381164551,-3.22746992111206,"16-07-2025"
51.4444885253906,-3.22737002372742,"16-07-2025"
51.4444999694824,-3.22731995582581,"16-07-2025"
51.4444694519043,-3.22668981552124,"16-07-2025"
51.4444694519043,-3.22637987136841,"16-07-2025"
51.444507598877,-3.22579002380371,"16-07-2025"
51.4445190429688,-3.22562980651855,"16-07-2025"
51.4446105957031,-3.22523999214172,"16-07-2025"
51.4445991516113,-3.22510981559753,"16-07-2025"
51.444580078125,-3.22504997253418,"16-07-2025"
51.4445381164551,-3.22503995895386,"16-07-2025"
51.4442977905273,-3.2250599861145,"16-07-2025"
51.4440498352051,-3.22499990463257,"16-07-2025"
51.4440002441406,-3.22494983673096,"16-07-2025"
51.443920135498,-3.2247998714447,"16-07-2025"
51.4437103271484,-3.22458982467651,"16-07-2025"
51.4438705444336,-3.22474980354309,"16-07-2025"
51.443977355957,-3.22482991218567,"16-07-2025"
51.4440383911133,-3.22492003440857,"16-07-2025"
51.4440994262695,-3.22531986236572,"16-07-2025"
51.4440994262695,-3.2256498336792,"16-07-2025"
51.4440383911133,-3.22597002983093,"16-07-2025"
51.44384765625,-3.22650003433228,"16-07-2025"
51.4437980651855,-3.22673988342285,"16-07-2025"
51.4436988830566,-3.22738003730774,"16-07-2025"
51.4436378479004,-3.22795987129211,"16-07-2025"
51.4436187744141,-3.22807002067566,"16-07-2025"
51.4435691833496,-3.22815990447998,"16-07-2025"
51.4434776306152,-3.22819995880127,"16-07-2025"
51.4431076049805,-3.22819995880127,"16-07-2025"
51.4430198669434,-3.2281699180603,"16-07-2025"
51.4432678222656,-3.22811985015869,"16-07-2025"
51.4422988891602,-3.22806000709534,"16-07-2025"
51.4417686462402,-3.22822999954224,"16-07-2025"
51.4415473937988,-3.2283399105072,"16-07-2025"
51.4413375854492,-3.2285099029541,"16-07-2025"
51.4412002563477,-3.22857999801636,"16-07-2025"
51.4411277770996,-3.22859001159668,"16-07-2025"
51.4409675598145,-3.22851991653442,"16-07-2025"
51.4408378601074,-3.22839999198914,"16-07-2025"
51.4407577514648,-3.22818994522095,"16-07-2025"
51.4405899047852,-3.22789001464844,"16-07-2025"
51.4401779174805,-3.22696995735168,"16-07-2025"
51.4400672912598,-3.22663998603821,"16-07-2025"
51.4400177001953,-3.22635984420776,"16-07-2025"
51.4399299621582,-3.22604990005493,"16-07-2025"
51.4399185180664,-3.22521996498108,"16-07-2025"
51.4399070739746,-3.22499990463257,"16-07-2025"
51.4398498535156,-3.22474980354309,"16-07-2025"
51.4396896362305,-3.22416996955872,"16-07-2025"
51.4394378662109,-3.22360992431641,"16-07-2025"
51.4392890930176,-3.22317981719971,"16-07-2025"
51.4391975402832,-3.22302985191345,"16-07-2025"
51.439208984375,-3.22294998168945,"16-07-2025"
51.4391784667969,-3.22239995002747,"16-07-2025"
51.4392204284668,-3.22223997116089,"16-07-2025"
51.4393501281738,-3.22204995155334,"16-07-2025"
51.4395294189453,-3.22193002700806,"16-07-2025"
51.4397888183594,-3.22182989120483,"16-07-2025"
51.4399871826172,-3.22181987762451,"16-07-2025"
51.4401092529297,-3.22176003456116,"16-07-2025"
51.4404296875,-3.22139000892639,"16-07-2025"
51.4404983520508,-3.22123980522156,"16-07-2025"
51.4405288696289,-3.22104001045227,"16-07-2025"
51.440559387207,-3.22101998329163,"16-07-2025"
51.4405784606934,-3.22106003761292,"16-07-2025"
51.4405784606934,-3.22116994857788,"16-07-2025"
51.4405174255371,-3.22130990028381,"16-07-2025"
51.4402389526367,-3.22171998023987,"16-07-2025"
51.4401168823242,-3.22184991836548,"16-07-2025"
51.4400596618652,-3.22195982933044,"16-07-2025"
51.440559387207,-3.22205996513367,"16-07-2025"
51.4407005310059,-3.22213983535767,"16-07-2025"
51.4407997131348,-3.22223997116089,"16-07-2025"
51.4411773681641,-3.22271990776062,"16-07-2025"
51.4414100646973,-3.22292995452881,"16-07-2025"
51.4418601989746,-3.223219871521,"16-07-2025"
51.4424896240234,-3.2233099937439,"16-07-2025"
51.4425468444824,-3.22335982322693,"16-07-2025"
51.4425773620605,-3.22342991828918,"16-07-2025"
51.442626953125,-3.22344994544983,"16-07-2025"
51.4427299499512,-3.22328996658325,"16-07-2025"
51.4428100585938,-3.22322988510132,"16-07-2025"
51.4431800842285,-3.223140001297,"16-07-2025"
51.4432983398438,-3.22290992736816,"16-07-2025"
51.4436798095703,-3.22252988815308,"16-07-2025"
51.4438896179199,-3.22216987609863,"16-07-2025"
51.4439468383789,-3.22198987007141,"16-07-2025"
51.4441184997559,-3.22163987159729,"16-07-2025"
51.4442405700684,-3.22127985954285,"16-07-2025"
51.444278717041,-3.22119998931885,"16-07-2025"
51.4444389343262,-3.22102999687195,"16-07-2025"
51.4444999694824,-3.2209198474884,"16-07-2025"
51.4444999694824,-3.22075986862183,"16-07-2025"
51.4444274902344,-3.22065997123718,"16-07-2025"
51.4443969726562,-3.22056984901428,"16-07-2025"
51.4443969726562,-3.22039985656738,"16-07-2025"
51.4444274902344,-3.22028994560242,"16-07-2025"
51.4445495605469,-3.22014999389648,"16-07-2025"
51.4447593688965,-3.22004985809326,"16-07-2025"
51.4448699951172,-3.21990990638733,"16-07-2025"
51.4449691772461,-3.21971988677979,"16-07-2025"
51.4450073242188,-3.21954989433289,"16-07-2025"
51.4450492858887,-3.21926999092102,"16-07-2025"
51.4451675415039,-3.21877002716064,"16-07-2025"
51.445198059082,-3.21863985061646,"16-07-2025"
51.4452972412109,-3.21845984458923,"16-07-2025"
51.4452972412109,-3.21842980384827,"16-07-2025"
51.4452590942383,-3.21845984458923,"16-07-2025"
51.4453201293945,-3.21834993362427,"16-07-2025"
51.4454498291016,-3.21815991401672,"16-07-2025"
51.4458084106445,-3.21774983406067,"16-07-2025"
51.4460372924805,-3.21753001213074,"16-07-2025"
51.4466705322266,-3.21708989143372,"16-07-2025"
51.4469604492188,-3.21684980392456,"16-07-2025"
51.4470291137695,-3.21674990653992,"16-07-2025"
51.4471893310547,-3.21642994880676,"16-07-2025"
51.4472694396973,-3.21619987487793,"16-07-2025"
51.4473190307617,-3.21586990356445,"16-07-2025"
51.4473876953125,-3.21561002731323,"16-07-2025"
51.4475975036621,-3.214359998703,"16-07-2025"
51.4475898742676,-3.21417999267578,"16-07-2025"
51.4475975036621,-3.21414995193481,"16-07-2025"
51.447639465332,-3.2141900062561,"16-07-2025"
51.4475975036621,-3.21425986289978,"16-07-2025"
51.4475479125977,-3.21425986289978,"16-07-2025"
51.4475784301758,-3.21425986289978,"16-07-2025"
51.4476699829102,-3.21406984329224,"16-07-2025"
51.4477767944336,-3.21394991874695,"16-07-2025"
51.4478492736816,-3.21378993988037,"16-07-2025"
51.4479103088379,-3.21353983879089,"16-07-2025"
51.4479675292969,-3.21309995651245,"16-07-2025"
51.4480590820312,-3.21280980110168,"16-07-2025"
51.4481086730957,-3.21259999275208,"16-07-2025"
51.4481468200684,-3.21249985694885,"16-07-2025"
51.4481582641602,-3.21249985694885,"16-07-2025"
51.4481391906738,-3.2126100063324,"16-07-2025"
51.4480171203613,-3.21306991577148,"16-07-2025"
51.4480171203613,-3.21315002441406,"16-07-2025"
51.4480476379395,-3.21310997009277,"16-07-2025"
51.4481887817383,-3.21275997161865,"16-07-2025"
51.4483299255371,-3.21208000183105,"16-07-2025"
51.4484405517578,-3.211669921875,"16-07-2025"
51.4485168457031,-3.21138000488281,"16-07-2025"
51.4487190246582,-3.21078991889954,"16-07-2025"
51.4487075805664,-3.21077990531921,"16-07-2025"
51.4486885070801,-3.21065998077393,"16-07-2025"
51.4486999511719,-3.21060991287231,"16-07-2025"
51.4487991333008,-3.21044993400574,"16-07-2025"
51.4489593505859,-3.21022987365723,"16-07-2025"
51.4491996765137,-3.20993995666504,"16-07-2025"
51.4493103027344,-3.20986986160278,"16-07-2025"
51.4493598937988,-3.20971989631653,"16-07-2025"
51.4493293762207,-3.20963001251221,"16-07-2025"
51.4493675231934,-3.20955991744995,"16-07-2025"
51.4494972229004,-3.20943999290466,"16-07-2025"
51.4495086669922,-3.20938992500305,"16-07-2025"
51.4495277404785,-3.20938992500305,"16-07-2025"
51.4495086669922,-3.20938992500305,"16-07-2025"
51.4495086669922,-3.2093198299408,"16-07-2025"
51.449577331543,-3.20915985107422,"16-07-2025"
51.4495697021484,-3.20913982391357,"16-07-2025"
51.4495887756348,-3.2091498374939,"16-07-2025"
51.4497489929199,-3.20903992652893,"16-07-2025"
51.4497375488281,-3.2090699672699,"16-07-2025"
51.44970703125,-3.2090699672699,"16-07-2025"
51.4498481750488,-3.20869994163513,"16-07-2025"
51.4500389099121,-3.20844984054565,"16-07-2025"
51.4501075744629,-3.20830988883972,"16-07-2025"
51.4501304626465,-3.20818996429443,"16-07-2025"
51.450138092041,-3.20802998542786,"16-07-2025"
51.4501075744629,-3.20763993263245,"16-07-2025"
51.4501495361328,-3.2074499130249,"16-07-2025"
51.4502182006836,-3.20729994773865,"16-07-2025"
51.4502296447754,-3.20721983909607,"16-07-2025"
51.4502105712891,-3.20722985267639,"16-07-2025"
51.4502487182617,-3.20721983909607,"16-07-2025"
51.4501800537109,-3.20709991455078,"16-07-2025"
51.4500694274902,-3.20707988739014,"16-07-2025"
51.4499092102051,-3.20726990699768,"16-07-2025"
51.4498291015625,-3.20726990699768,"16-07-2025"
51.4496574401855,-3.20721983909607,"16-07-2025"
51.449577331543,-3.20722985267639,"16-07-2025"
51.4494895935059,-3.20714998245239,"16-07-2025"
51.4494781494141,-3.20712995529175,"16-07-2025"
51.4495086669922,-3.2071099281311,"16-07-2025"
51.449520111084,-3.20713996887207,"16-07-2025"
51.4495391845703,-3.20708990097046,"16-07-2025"
51.4495391845703,-3.20696997642517,"16-07-2025"
51.4495086669922,-3.20686984062195,"16-07-2025"
51.4494400024414,-3.20680999755859,"16-07-2025"
51.4492301940918,-3.20687985420227,"16-07-2025"
51.448917388916,-3.20702981948853,"16-07-2025"
51.4488792419434,-3.2070198059082,"16-07-2025"
51.4487800598145,-3.20689988136292,"16-07-2025"
51.4484596252441,-3.20604991912842,"16-07-2025"
51.4484100341797,-3.20585989952087,"16-07-2025"
51.4483680725098,-3.20551991462708,"16-07-2025"
51.4482879638672,-3.20524001121521,"16-07-2025"
51.4482803344727,-3.20504999160767,"16-07-2025"
51.4483604431152,-3.20485997200012,"16-07-2025"
51.4483795166016,-3.20473003387451,"16-07-2025"
51.4481391906738,-3.20453000068665,"16-07-2025"
51.4477767944336,-3.20380997657776,"16-07-2025"
51.4477081298828,-3.20350003242493,"16-07-2025"
51.4476280212402,-3.20270991325378,"16-07-2025"
51.4474792480469,-3.20227003097534,"16-07-2025"
51.447380065918,-3.2020800113678,"16-07-2025"
51.4472694396973,-3.20168995857239,"16-07-2025"
51.4469299316406,-3.20146989822388,"16-07-2025"
51.4469299316406,-3.20142984390259,"16-07-2025"
51.4468879699707,-3.20139980316162,"16-07-2025"
51.4466400146484,-3.20092988014221,"16-07-2025"
51.4462776184082,-3.20035982131958,"16-07-2025"
51.4459686279297,-3.19966983795166,"16-07-2025"
51.4457893371582,-3.19939994812012,"16-07-2025"
51.4453201293945,-3.19858002662659,"16-07-2025"
51.4452590942383,-3.19850993156433,"16-07-2025"
51.4451370239258,-3.1984498500824,"16-07-2025"
51.4444999694824,-3.19928002357483,"16-07-2025"
51.444580078125,-3.19929003715515,"16-07-2025"
51.4445571899414,-3.19933986663818,"16-07-2025"
51.4446182250977,-3.19949984550476,"16-07-2025"
51.4446487426758,-3.19969987869263,"16-07-2025"
51.4446182250977,-3.19973993301392,"16-07-2025"
51.4445381164551,-3.200119972229,"16-07-2025"
51.4444389343262,-3.20047998428345,"16-07-2025"
51.4443893432617,-3.20078992843628,"16-07-2025"
51.4441604614258,-3.20143985748291,"16-07-2025"
51.4441070556641,-3.2016499042511,"16-07-2025"
51.4440994262695,-3.20173001289368,"16-07-2025"
51.444149017334,-3.201740026474,"16-07-2025"
51.4441986083984,-3.20183992385864,"16-07-2025"
51.4441871643066,-3.20202994346619,"16-07-2025"
51.4441604614258,-3.20213985443115,"16-07-2025"
51.4441680908203,-3.20230984687805,"16-07-2025"
51.4443778991699,-3.20272994041443,"16-07-2025"
51.4444999694824,-3.20306992530823,"16-07-2025"
51.444637298584,-3.20358991622925,"16-07-2025"
51.444709777832,-3.20375990867615,"16-07-2025"
51.444766998291,-3.20385980606079,"16-07-2025"
51.4450378417969,-3.20411992073059,"16-07-2025"
51.445198059082,-3.20422983169556,"16-07-2025"
51.445198059082,-3.20438981056213,"16-07-2025"
51.4452285766602,-3.20447993278503,"16-07-2025"
51.4452476501465,-3.20447993278503,"16-07-2025"
51.4452896118164,-3.20468997955322,"16-07-2025"
51.4453201293945,-3.20511984825134,"16-07-2025"
51.445426940918,-3.2055299282074,"16-07-2025"
51.4454689025879,-3.20577001571655,"16-07-2025"
51.4456176757812,-3.206209897995,"16-07-2025"
51.4456672668457,-3.20619988441467,"16-07-2025"
51.4456901550293,-3.20625996589661,"16-07-2025"
51.4456977844238,-3.20680999755859,"16-07-2025"
51.4457702636719,-3.20771980285645,"16-07-2025"
51.4458389282227,-3.20776987075806,"16-07-2025"
51.4461402893066,-3.20785999298096,"16-07-2025"
51.4462585449219,-3.20793986320496,"16-07-2025"
51.446418762207,-3.20811986923218,"16-07-2025"
51.4465293884277,-3.2081298828125,"16-07-2025"
51.4466171264648,-3.20818996429443,"16-07-2025"
51.446720123291,-3.20860981941223,"16-07-2025"
51.4467468261719,-3.20894002914429,"16-07-2025"
51.4467887878418,-3.20912981033325,"16-07-2025"
51.446949005127,-3.20967984199524,"16-07-2025"
51.4470977783203,-3.21003985404968,"16-07-2025"
51.447208404541,-3.21035981178284,"16-07-2025"
51.4472389221191,-3.21058988571167,"16-07-2025"
51.4471893310547,-3.21070003509521,"16-07-2025"
51.4472885131836,-3.21077990531921,"16-07-2025"
51.4472885131836,-3.21085000038147,"16-07-2025"
51.4472885131836,-3.2108199596405,"16-07-2025"
51.4472885131836,-3.21085000038147,"16-07-2025"
51.4473075866699,-3.21085000038147,"16-07-2025"
51.4472885131836,-3.21082997322083,"16-07-2025"
51.4472999572754,-3.21080994606018,"16-07-2025"
51.4473876953125,-3.21087980270386,"16-07-2025"
51.4474868774414,-3.21105980873108,"16-07-2025"
51.4475479125977,-3.21121001243591,"16-07-2025"
51.4476280212402,-3.21151995658875,"16-07-2025"
51.4477500915527,-3.21182990074158,"16-07-2025"
51.4477996826172,-3.2119300365448,"16-07-2025"
51.4480171203613,-3.21220993995667,"16-07-2025"
51.448070526123,-3.21233987808228,"16-07-2025"
51.4480972290039,-3.21256995201111,"16-07-2025"
51.4479103088379,-3.21350002288818,"16-07-2025"
51.4477882385254,-3.2139298915863,"16-07-2025"
51.4477500915527,-3.21399998664856,"16-07-2025"
51.4476699829102,-3.21406984329224,"16-07-2025"
51.4475898742676,-3.2141900062561,"16-07-2025"
51.4475402832031,-3.21421003341675,"16-07-2025"
51.4472503662109,-3.21447992324829,"16-07-2025"
51.446907043457,-3.21493983268738,"16-07-2025"
51.4468269348145,-3.21510982513428,"16-07-2025"
51.4467887878418,-3.21529984474182,"16-07-2025"
51.4467582702637,-3.21555995941162,"16-07-2025"
51.4467086791992,-3.21570992469788,"16-07-2025"
51.4464073181152,-3.21619987487793,"16-07-2025"
51.4460105895996,-3.21668982505798,"16-07-2025"
51.4458198547363,-3.21684002876282,"16-07-2025"
51.4453468322754,-3.21696996688843,"16-07-2025"
51.4451789855957,-3.21697998046875,"16-07-2025"
51.4449195861816,-3.21692991256714,"16-07-2025"
51.4446868896484,-3.2170398235321,"16-07-2025"
51.4447898864746,-3.21700000762939,"16-07-2025"
51.4447593688965,-3.21711993217468,"16-07-2025"
51.4448394775391,-3.21738982200623,"16-07-2025"
51.4449577331543,-3.21772003173828,"16-07-2025"
51.4450492858887,-3.21788001060486,"16-07-2025"
51.445198059082,-3.21807980537415,"16-07-2025"
51.4452705383301,-3.21826982498169,"16-07-2025"
51.4452476501465,-3.21855998039246,"16-07-2025"
51.4450874328613,-3.21906995773315,"16-07-2025"
51.4449882507324,-3.21960997581482,"16-07-2025"
51.4448699951172,-3.21992993354797,"16-07-2025"
51.4447898864746,-3.22003984451294,"16-07-2025"
51.4445190429688,-3.22016000747681,"16-07-2025"
51.4441604614258,-3.22058987617493,"16-07-2025"
51.4439468383789,-3.22077989578247,"16-07-2025"
51.443717956543,-3.2210898399353,"16-07-2025"
51.4435195922852,-3.22128987312317,"16-07-2025"
51.4432487487793,-3.22156000137329,"16-07-2025"
51.4429779052734,-3.22176003456116,"16-07-2025"
51.4429588317871,-3.22183990478516,"16-07-2025"
51.4429397583008,-3.22232985496521,"16-07-2025"
51.4429168701172,-3.22247982025146,"16-07-2025"
51.4428100585938,-3.22271990776062,"16-07-2025"
51.4427070617676,-3.22283983230591,"16-07-2025"
51.4426803588867,-3.22283983230591,"16-07-2025"
51.4427185058594,-3.22289991378784,"16-07-2025"
51.4427185058594,-3.22316002845764,"16-07-2025"
51.4427375793457,-3.22312998771667,"16-07-2025"
51.4427299499512,-3.22316002845764,"16-07-2025"
51.4426193237305,-3.22310996055603,"16-07-2025"
51.4424591064453,-3.22327995300293,"16-07-2025"
51.4423370361328,-3.22333002090454,"16-07-2025"
51.4418983459473,-3.22326993942261,"16-07-2025"
51.4418182373047,-3.22322988510132,"16-07-2025"
51.4416694641113,-3.2230498790741,"16-07-2025"
51.4414482116699,-3.22294998168945,"16-07-2025"
51.4410705566406,-3.22265982627869,"16-07-2025"
51.4406890869141,-3.22216987609863,"16-07-2025"
51.4404373168945,-3.2220299243927,"16-07-2025"
51.4401092529297,-3.22193002700806,"16-07-2025"
51.4400901794434,-3.22188997268677,"16-07-2025"
51.4396095275879,-3.22206997871399,"16-07-2025"
51.4394798278809,-3.22214984893799,"16-07-2025"
51.4393005371094,-3.22237992286682,"16-07-2025"
51.4391899108887,-3.22259998321533,"16-07-2025"
51.4391593933105,-3.22268986701965,"16-07-2025"
51.4391593933105,-3.22302985191345,"16-07-2025"
51.4392890930176,-3.22337985038757,"16-07-2025"
51.439697265625,-3.22422981262207,"16-07-2025"
51.4398193359375,-3.22456002235413,"16-07-2025"
51.4398994445801,-3.22494983673096,"16-07-2025"
51.4399375915527,-3.2249698638916,"16-07-2025"
51.4399070739746,-3.22499990463257,"16-07-2025"
51.4399604797363,-3.2251398563385,"16-07-2025"
51.439998626709,-3.22534990310669,"16-07-2025"
51.4400482177734,-3.22591996192932,"16-07-2025"
51.4400177001953,-3.2260799407959,"16-07-2025"
51.4400672912598,-3.22659993171692,"16-07-2025"
51.4402275085449,-3.22720980644226,"16-07-2025"
51.4406394958496,-3.22820997238159,"16-07-2025"
51.4408569335938,-3.22859001159668,"16-07-2025"
51.44091796875,-3.22864985466003,"16-07-2025"
51.4410171508789,-3.22870993614197,"16-07-2025"
51.4411773681641,-3.22873997688293,"16-07-2025"
51.4413299560547,-3.228679895401,"16-07-2025"
51.4415702819824,-3.22842001914978,"16-07-2025"
51.4418487548828,-3.22820997238159,"16-07-2025"
51.4428977966309,-3.22796988487244,"16-07-2025"
51.4430503845215,-3.22794985771179,"16-07-2025"
51.443359375,-3.22801995277405,"16-07-2025"
51.4435272216797,-3.22801995277405,"16-07-2025"
51.44384765625,-3.22797989845276,"16-07-2025"
51.444149017334,-3.22763991355896,"16-07-2025"
51.4443778991699,-3.22751998901367,"16-07-2025"
51.4445495605469,-3.22738981246948,"16-07-2025"
51.4448585510254,-3.22729992866516,"16-07-2025"
51.4449272155762,-3.22738003730774,"16-07-2025"
51.4449081420898,-3.22734999656677,"16-07-2025"
51.4447593688965,-3.22744989395142,"16-07-2025"
51.4446182250977,-3.22746992111206,"16-07-2025"
51.4445381164551,-3.22746992111206,"16-07-2025"
51.4444885253906,-3.22737002372742,"16-07-2025"
51.4444999694824,-3.22731995582581,"16-07-2025"
51.4444694519043,-3.22668981552124,"16-07-2025"
51.4444694519043,-3.22637987136841,"16-07-2025"
51.444507598877,-3.22579002380371,"16-07-2025"
51.4445190429688,-3.22562980651855,"16-07-2025"
51.4446105957031,-3.22523999214172,"16-07-2025"
51.4445991516113,-3.22510981559753,"16-07-2025"
51.444580078125,-3.22504997253418,"16-07-2025"
51.4445381164551,-3.22503995895386,"16-07-2025"
51.4442977905273,-3.2250599861145,"16-07-2025"
51.4440498352051,-3.22499990463257,"16-07-2025"
51.4440002441406,-3.22494983673096,"16-07-2025"
51.443920135498,-3.2247998714447,"16-07-2025"
51.4437103271484,-3.22458982467651,"16-07-2025"
51.4438705444336,-3.22474980354309,"16-07-2025"
51.443977355957,-3.22482991218567,"16-07-2025"
51.4440383911133,-3.22492003440857,"16-07-2025"
51.4440994262695,-3.22531986236572,"16-07-2025"
51.4440994262695,-3.2256498336792,"16-07-2025"
51.4440383911133,-3.22597002983093,"16-07-2025"
51.44384765625,-3.22650003433228,"16-07-2025"
51.4437980651855,-3.22673988342285,"16-07-2025"
51.4436988830566,-3.22738003730774,"16-07-2025"
51.4436378479004,-3.22795987129211,"16-07-2025"
51.4436187744141,-3.22807002067566,"16-07-2025"
51.4435691833496,-3.22815990447998,"16-07-2025"
51.4434776306152,-3.22819995880127,"16-07-2025"
51.4431076049805,-3.22819995880127,"16-07-2025"
51.4430198669434,-3.2281699180603,"16-07-2025"
51.4432678222656,-3.22811985015869,"16-07-2025"
51.4422988891602,-3.22806000709534,"16-07-2025"
51.4417686462402,-3.22822999954224,"16-07-2025"
51.4415473937988,-3.2283399105072,"16-07-2025"
51.4413375854492,-3.2285099029541,"16-07-2025"
51.4412002563477,-3.22857999801636,"16-07-2025"
51.4411277770996,-3.22859001159668,"16-07-2025"
51.4409675598145,-3.22851991653442,"16-07-2025"
51.4408378601074,-3.22839999198914,"16-07-2025"
51.4407577514648,-3.22818994522095,"16-07-2025"
51.4405899047852,-3.22789001464844,"16-07-2025"
51.4401779174805,-3.22696995735168,"16-07-2025"
51.4400672912598,-3.22663998603821,"16-07-2025"
51.4400177001953,-3.22635984420776,"16-07-2025"
51.4399299621582,-3.22604990005493,"16-07-2025"
51.4399185180664,-3.22521996498108,"16-07-2025"
51.4399070739746,-3.22499990463257,"16-07-2025"
51.4398498535156,-3.22474980354309,"16-07-2025"
51.4396896362305,-3.22416996955872,"16-07-2025"
51.4394378662109,-3.22360992431641,"16-07-2025"
51.4392890930176,-3.22317981719971,"16-07-2025"
51.4391975402832,-3.22302985191345,"16-07-2025"
51.439208984375,-3.22294998168945,"16-07-2025"
51.4391784667969,-3.22239995002747,"16-07-2025"
51.4392204284668,-3.22223997116089,"16-07-2025"
51.4393501281738,-3.22204995155334,"16-07-2025"
51.4395294189453,-3.22193002700806,"16-07-2025"
51.4397888183594,-3.22182989120483,"16-07-2025"
51.4399871826172,-3.22181987762451,"16-07-2025"
51.4401092529297,-3.22176003456116,"16-07-2025"
51.4404296875,-3.22139000892639,"16-07-2025"
51.4404983520508,-3.22123980522156,"16-07-2025"
51.4405288696289,-3.22104001045227,"16-07-2025"
51.440559387207,-3.22101998329163,"16-07-2025"
51.4405784606934,-3.22106003761292,"16-07-2025"
51.4405784606934,-3.22116994857788,"16-07-2025"
51.4405174255371,-3.22130990028381,"16-07-2025"
51.4402389526367,-3.22171998023987,"16-07-2025"
51.4401168823242,-3.22184991836548,"16-07-2025"
51.4400596618652,-3.22195982933044,"16-07-2025"
51.440559387207,-3.22205996513367,"16-07-2025"
51.4407005310059,-3.22213983535767,"16-07-2025"
51.4407997131348,-3.22223997116089,"16-07-2025"
51.4411773681641,-3.22271990776062,"16-07-2025"
51.4414100646973,-3.22292995452881,"16-07-2025"
51.4418601989746,-3.223219871521,"16-07-2025"
51.4424896240234,-3.2233099937439,"16-07-2025"
51.4425468444824,-3.22335982322693,"16-07-2025"
51.4425773620605,-3.22342991828918,"16-07-2025"
51.442626953125,-3.22344994544983,"16-07-2025"
51.4427299499512,-3.22328996658325,"16-07-2025"
51.4428100585938,-3.22322988510132,"16-07-2025"
51.4431800842285,-3.223140001297,"16-07-2025"
51.4432983398438,-3.22290992736816,"16-07-2025"
51.4436798095703,-3.22252988815308,"16-07-2025"
51.4438896179199,-3.22216987609863,"16-07-2025"
51.4439468383789,-3.22198987007141,"16-07-2025"
51.4441184997559,-3.22163987159729,"16-07-2025"
51.4442405700684,-3.22127985954285,"16-07-2025"
51.444278717041,-3.22119998931885,"16-07-2025"
51.4444389343262,-3.22102999687195,"16-07-2025"
51.4444999694824,-3.2209198474884,"16-07-2025"
51.4444999694824,-3.22075986862183,"16-07-2025"
51.4444274902344,-3.22065997123718,"16-07-2025"
51.4443969726562,-3.22056984901428,"16-07-2025"
51.4443969726562,-3.22039985656738,"16-07-2025"
51.4444274902344,-3.22028994560242,"16-07-2025"
51.4445495605469,-3.22014999389648,"16-07-2025"
51.4447593688965,-3.22004985809326,"16-07-2025"
51.4448699951172,-3.21990990638733,"16-07-2025"
51.4449691772461,-3.21971988677979,"16-07-2025"
51.4450073242188,-3.21954989433289,"16-07-2025"
51.4450492858887,-3.21926999092102,"16-07-2025"
51.4451675415039,-3.21877002716064,"16-07-2025"
51.445198059082,-3.21863985061646,"16-07-2025"
51.4452972412109,-3.21845984458923,"16-07-2025"
51.4452972412109,-3.21842980384827,"16-07-2025"
51.4452590942383,-3.21845984458923,"16-07-2025"
51.4453201293945,-3.21834993362427,"16-07-2025"
51.4454498291016,-3.21815991401672,"16-07-2025"
51.4458084106445,-3.21774983406067,"16-07-2025"
51.4460372924805,-3.21753001213074,"16-07-2025"
51.4466705322266,-3.21708989143372,"16-07-2025"
51.4469604492188,-3.21684980392456,"16-07-2025"
51.4470291137695,-3.21674990653992,"16-07-2025"
51.4471893310547,-3.21642994880676,"16-07-2025"
51.4472694396973,-3.21619987487793,"16-07-2025"
51.4473190307617,-3.21586990356445,"16-07-2025"
51.4473876953125,-3.21561002731323,"16-07-2025"
51.4475975036621,-3.214359998703,"16-07-2025"
51.4475898742676,-3.21417999267578,"16-07-2025"
51.4475975036621,-3.21414995193481,"16-07-2025"
51.447639465332,-3.2141900062561,"16-07-2025"
51.4475975036621,-3.21425986289978,"16-07-2025"
51.4475479125977,-3.21425986289978,"16-07-2025"
51.4475784301758,-3.21425986289978,"16-07-2025"
51.4476699829102,-3.21406984329224,"16-07-2025"
51.4477767944336,-3.21394991874695,"16-07-2025"
51.4478492736816,-3.21378993988037,"16-07-2025"
51.4479103088379,-3.21353983879089,"16-07-2025"
51.4479675292969,-3.21309995651245,"16-07-2025"
51.4480590820312,-3.21280980110168,"16-07-2025"
51.4481086730957,-3.21259999275208,"16-07-2025"
51.4481468200684,-3.21249985694885,"16-07-2025"
51.4481582641602,-3.21249985694885,"16-07-2025"
51.4481391906738,-3.2126100063324,"16-07-2025"
51.4480171203613,-3.21306991577148,"16-07-2025"
51.4480171203613,-3.21315002441406,"16-07-2025"
51.4480476379395,-3.21310997009277,"16-07-2025"
51.4481887817383,-3.21275997161865,"16-07-2025"
51.4483299255371,-3.21208000183105,"16-07-2025"
51.4484405517578,-3.211669921875,"16-07-2025"
51.4485168457031,-3.21138000488281,"16-07-2025"
51.4487190246582,-3.21078991889954,"16-07-2025"
51.4487075805664,-3.21077990531921,"16-07-2025"
51.4486885070801,-3.21065998077393,"16-07-2025"
51.4486999511719,-3.21060991287231,"16-07-2025"
51.4487991333008,-3.21044993400574,"16-07-2025"
51.4489593505859,-3.21022987365723,"16-07-2025"
51.4491996765137,-3.20993995666504,"16-07-2025"
51.4493103027344,-3.20986986160278,"16-07-2025"
51.4493598937988,-3.20971989631653,"16-07-2025"
51.4493293762207,-3.20963001251221,"16-07-2025"
51.4493675231934,-3.20955991744995,"16-07-2025"
51.4494972229004,-3.20943999290466,"16-07-2025"
51.4495086669922,-3.20938992500305,"16-07-2025"
51.4495277404785,-3.20938992500305,"16-07-2025"
51.4495086669922,-3.20938992500305,"16-07-2025"
51.4495086669922,-3.2093198299408,"16-07-2025"
51.449577331543,-3.20915985107422,"16-07-2025"
51.4495697021484,-3.20913982391357,"16-07-2025"
51.4495887756348,-3.2091498374939,"16-07-2025"
51.4497489929199,-3.20903992652893,"16-07-2025"
51.4497375488281,-3.2090699672699,"16-07-2025"
51.44970703125,-3.2090699672699,"16-07-2025"
51.4498481750488,-3.20869994163513,"16-07-2025"
51.4500389099121,-3.20844984054565,"16-07-2025"
51.4501075744629,-3.20830988883972,"16-07-2025"
51.4501304626465,-3.20818996429443,"16-07-2025"
51.450138092041,-3.20802998542786,"16-07-2025"
51.4501075744629,-3.20763993263245,"16-07-2025"
51.4501495361328,-3.2074499130249,"16-07-2025"
51.4502182006836,-3.20729994773865,"16-07-2025"
51.4502296447754,-3.20721983909607,"16-07-2025"
51.4502105712891,-3.20722985267639,"16-07-2025"
51.4502487182617,-3.20721983909607,"16-07-2025"
51.4501800537109,-3.20709991455078,"16-07-2025"
51.4500694274902,-3.20707988739014,"16-07-2025"
51.4499092102051,-3.20726990699768,"16-07-2025"
51.4498291015625,-3.20726990699768,"16-07-2025"
51.4496574401855,-3.20721983909607,"16-07-2025"
51.449577331543,-3.20722985267639,"16-07-2025"
51.4494895935059,-3.20714998245239,"16-07-2025"
51.4494781494141,-3.20712995529175,"16-07-2025"
51.4495086669922,-3.2071099281311,"16-07-2025"
51.449520111084,-3.20713996887207,"16-07-2025"
51.4495391845703,-3.20708990097046,"16-07-2025"
51.4495391845703,-3.20696997642517,"16-07-2025"
51.4495086669922,-3.20686984062195,"16-07-2025"
51.4494400024414,-3.20680999755859,"16-07-2025"
51.4492301940918,-3.20687985420227,"16-07-2025"
51.448917388916,-3.20702981948853,"16-07-2025"
51.4488792419434,-3.2070198059082,"16-07-2025"
51.4487800598145,-3.20689988136292,"16-07-2025"
51.4484596252441,-3.20604991912842,"16-07-2025"
51.4484100341797,-3.20585989952087,"16-07-2025"
51.4483680725098,-3.20551991462708,"16-07-2025"
51.4482879638672,-3.20524001121521,"16-07-2025"
51.4482803344727,-3.20504999160767,"16-07-2025"
51.4483604431152,-3.20485997200012,"16-07-2025"
51.4483795166016,-3.20473003387451,"16-07-2025"
51.4481391906738,-3.20453000068665,"16-07-2025"
51.4477767944336,-3.20380997657776,"16-07-2025"
51.4477081298828,-3.20350003242493,"16-07-2025"
51.4476280212402,-3.20270991325378,"16-07-2025"
51.4474792480469,-3.20227003097534,"16-07-2025"
51.447380065918,-3.2020800113678,"16-07-2025"
51.4472694396973,-3.20168995857239,"16-07-2025"
51.4469299316406,-3.20146989822388,"16-07-2025"
51.4469299316406,-3.20142984390259,"16-07-2025"
51.4468879699707,-3.20139980316162,"16-07-2025"
51.4466400146484,-3.20092988014221,"16-07-2025"
51.4462776184082,-3.20035982131958,"16-07-2025"
51.4459686279297,-3.19966983795166,"16-07-2025"
51.4457893371582,-3.19939994812012,"16-07-2025"
51.4453201293945,-3.19858002662659,"16-07-2025"
51.4452590942383,-3.19850993156433,"16-07-2025"
51.4451370239258,-3.1984498500824,"16-07-2025"
51.4449081420898,-3.17009997367859,"15-07-2025"
51.4448585510254,-3.17008996009827,"15-07-2025"
51.4448776245117,-3.16999983787537,"15-07-2025"
51.4449768066406,-3.16963982582092,"15-07-2025"
51.4451103210449,-3.16927981376648,"15-07-2025"
51.4451370239258,-3.16904997825623,"15-07-2025"
51.4451599121094,-3.16834998130798,"15-07-2025"
51.4451904296875,-3.16821980476379,"15-07-2025"
51.4454002380371,-3.16775989532471,"15-07-2025"
51.4456405639648,-3.16750001907349,"15-07-2025"
51.4460601806641,-3.1671199798584,"15-07-2025"
51.4464874267578,-3.16663002967834,"15-07-2025"
51.4467582702637,-3.16639995574951,"15-07-2025"
51.4476089477539,-3.16551995277405,"15-07-2025"
51.4477500915527,-3.1654098033905,"15-07-2025"
51.4480781555176,-3.1650698184967,"15-07-2025"
51.4482192993164,-3.16495990753174,"15-07-2025"
51.4484481811523,-3.16482996940613,"15-07-2025"
51.4486274719238,-3.16476988792419,"15-07-2025"
51.4487800598145,-3.16472983360291,"15-07-2025"
51.4490203857422,-3.16474986076355,"15-07-2025"
51.4494400024414,-3.16483998298645,"15-07-2025"
51.450138092041,-3.16493988037109,"15-07-2025"
51.4505081176758,-3.16500997543335,"15-07-2025"
51.451057434082,-3.16507983207703,"15-07-2025"
51.4512596130371,-3.1650698184967,"15-07-2025"
51.4514579772949,-3.16497993469238,"15-07-2025"
51.4516181945801,-3.16486001014709,"15-07-2025"
51.4518775939941,-3.16458988189697,"15-07-2025"
51.4521102905273,-3.16422986984253,"15-07-2025"
51.4524383544922,-3.16341996192932,"15-07-2025"
51.4526901245117,-3.16277003288269,"15-07-2025"
51.4529075622559,-3.16241002082825,"15-07-2025"
51.4531173706055,-3.16215991973877,"15-07-2025"
51.4532470703125,-3.16203999519348,"15-07-2025"
51.4534378051758,-3.16189980506897,"15-07-2025"
51.4535598754883,-3.16184997558594,"15-07-2025"
51.4539070129395,-3.16176986694336,"15-07-2025"
51.4541168212891,-3.161789894104,"15-07-2025"
51.4543991088867,-3.1619598865509,"15-07-2025"
51.4545783996582,-3.16210985183716,"15-07-2025"
51.4547080993652,-3.16219997406006,"15-07-2025"
51.4549293518066,-3.16231989860535,"15-07-2025"
51.4551277160645,-3.16240000724792,"15-07-2025"
51.4552803039551,-3.16247987747192,"15-07-2025"
51.4554481506348,-3.16254997253418,"15-07-2025"
51.4558982849121,-3.16265988349915,"15-07-2025"
51.4560585021973,-3.16265988349915,"15-07-2025"
51.4562072753906,-3.1626398563385,"15-07-2025"
51.456657409668,-3.1624698638916,"15-07-2025"
51.4567680358887,-3.16240000724792,"15-07-2025"
51.4569473266602,-3.16227984428406,"15-07-2025"
51.4571189880371,-3.1621298789978,"15-07-2025"
51.4572677612305,-3.16203999519348,"15-07-2025"
51.4573974609375,-3.16194987297058,"15-07-2025"
51.4576187133789,-3.16168999671936,"15-07-2025"
51.4577598571777,-3.16157984733582,"15-07-2025"
51.4578170776367,-3.16154980659485,"15-07-2025"
51.4580192565918,-3.16148996353149,"15-07-2025"
51.458137512207,-3.16138982772827,"15-07-2025"
51.4582786560059,-3.16119980812073,"15-07-2025"
51.458667755127,-3.16056990623474,"15-07-2025"
51.4590072631836,-3.16007995605469,"15-07-2025"
51.4592971801758,-3.15956997871399,"15-07-2025"
51.4596290588379,-3.15925002098083,"15-07-2025"
51.4597396850586,-3.15917992591858,"15-07-2025"
51.4597969055176,-3.15915989875793,"15-07-2025"
51.4600296020508,-3.15912985801697,"15-07-2025"
51.4604377746582,-3.15913987159729,"15-07-2025"
51.4606475830078,-3.15915989875793,"15-07-2025"
51.4607391357422,-3.15913987159729,"15-07-2025"
51.4608879089355,-3.15902996063232,"15-07-2025"
51.4611587524414,-3.15864992141724,"15-07-2025"
51.4613189697266,-3.15838003158569,"15-07-2025"
51.4617195129395,-3.15785980224609,"15-07-2025"
51.4618797302246,-3.15761995315552,"15-07-2025"
51.4622802734375,-3.15708994865417,"15-07-2025"
51.4628601074219,-3.15618991851807,"15-07-2025"
51.4629669189453,-3.15609002113342,"15-07-2025"
51.4630470275879,-3.15603995323181,"15-07-2025"
51.4633293151855,-3.15600991249084,"15-07-2025"
51.4634895324707,-3.15594983100891,"15-07-2025"
51.4636001586914,-3.15585994720459,"15-07-2025"
51.4637069702148,-3.1557400226593,"15-07-2025"
51.4637794494629,-3.15561985969543,"15-07-2025"
51.4639205932617,-3.1553099155426,"15-07-2025"
51.4640274047852,-3.15498995780945,"15-07-2025"
51.4641380310059,-3.15477991104126,"15-07-2025"
51.4642486572266,-3.15465998649597,"15-07-2025"
51.4643478393555,-3.15461993217468,"15-07-2025"
51.4644470214844,-3.15459990501404,"15-07-2025"
51.4645385742188,-3.15463995933533,"15-07-2025"
51.4646377563477,-3.15469980239868,"15-07-2025"
51.4648170471191,-3.15488982200623,"15-07-2025"
51.464958190918,-3.1551399230957,"15-07-2025"
51.4651489257812,-3.1554000377655,"15-07-2025"
51.4651870727539,-3.15551996231079,"15-07-2025"
51.4651794433594,-3.15559983253479,"15-07-2025"
51.4651298522949,-3.15570998191833,"15-07-2025"
51.464958190918,-3.15592980384827,"15-07-2025"
51.4646987915039,-3.15646982192993,"15-07-2025"
51.4645195007324,-3.15679001808167,"15-07-2025"
51.4643402099609,-3.15708994865417,"15-07-2025"
51.4642677307129,-3.1572699546814,"15-07-2025"
51.4642601013184,-3.15736985206604,"15-07-2025"
51.4643096923828,-3.15750002861023,"15-07-2025"
51.4644775390625,-3.15774989128113,"15-07-2025"
51.464599609375,-3.15785980224609,"15-07-2025"
51.4646682739258,-3.15808987617493,"15-07-2025"
51.464656829834,-3.1581699848175,"15-07-2025"
51.464469909668,-3.1584198474884,"15-07-2025"
51.4643898010254,-3.15848994255066,"15-07-2025"
51.4642105102539,-3.15876984596252,"15-07-2025"
51.4640693664551,-3.15906000137329,"15-07-2025"
51.4639587402344,-3.15940999984741,"15-07-2025"
51.4638786315918,-3.15953993797302,"15-07-2025"
51.4637794494629,-3.15964984893799,"15-07-2025"
51.4636497497559,-3.15975999832153,"15-07-2025"
51.4633369445801,-3.16015982627869,"15-07-2025"
51.4631576538086,-3.16034984588623,"15-07-2025"
51.4630889892578,-3.16044998168945,"15-07-2025"
51.4630470275879,-3.16057991981506,"15-07-2025"
51.4630088806152,-3.16065001487732,"15-07-2025"
51.4628105163574,-3.16086983680725,"15-07-2025"
51.4627494812012,-3.16089987754822,"15-07-2025"
51.4626579284668,-3.1608898639679,"15-07-2025"
51.4625778198242,-3.16094994544983,"15-07-2025"
51.4624786376953,-3.16104984283447,"15-07-2025"
51.4624176025391,-3.16105985641479,"15-07-2025"
51.462329864502,-3.16096997261047,"15-07-2025"
51.4622993469238,-3.16084980964661,"15-07-2025"
51.4622268676758,-3.16076993942261,"15-07-2025"
51.4621200561523,-3.16073989868164,"15-07-2025"
51.4619674682617,-3.16066980361938,"15-07-2025"
51.4619102478027,-3.16066980361938,"15-07-2025"
51.461856842041,-3.16068983078003,"15-07-2025"
51.4617080688477,-3.16078996658325,"15-07-2025"
51.4615478515625,-3.16091990470886,"15-07-2025"
51.4613380432129,-3.16115999221802,"15-07-2025"
51.4611282348633,-3.16070985794067,"15-07-2025"
51.4609794616699,-3.16032981872559,"15-07-2025"
51.4608573913574,-3.16014981269836,"15-07-2025"
51.4607696533203,-3.16008996963501,"15-07-2025"
51.4606590270996,-3.16005992889404,"15-07-2025"
51.4602203369141,-3.16010999679565,"15-07-2025"
51.4600677490234,-3.16009998321533,"15-07-2025"
51.4599990844727,-3.16005992889404,"15-07-2025"
51.4599189758301,-3.15997982025146,"15-07-2025"
51.4598083496094,-3.15982985496521,"15-07-2025"
51.4596481323242,-3.15953993797302,"15-07-2025"
51.4596176147461,-3.15937995910645,"15-07-2025"
51.4596481323242,-3.15922999382019,"15-07-2025"
51.4596977233887,-3.15917992591858,"15-07-2025"
51.459789276123,-3.15913987159729,"15-07-2025"
51.4606170654297,-3.15913987159729,"15-07-2025"
51.460750579834,-3.15908980369568,"15-07-2025"
51.4608573913574,-3.15898990631104,"15-07-2025"
51.4614791870117,-3.15823984146118,"15-07-2025"
51.4618988037109,-3.15756988525391,"15-07-2025"
51.4620780944824,-3.1573498249054,"15-07-2025"
51.4628982543945,-3.15616989135742,"15-07-2025"
51.462947845459,-3.15610980987549,"15-07-2025"
51.4630889892578,-3.15601992607117,"15-07-2025"
51.4633293151855,-3.1559898853302,"15-07-2025"
51.4634780883789,-3.15592002868652,"15-07-2025"
51.4636192321777,-3.15579986572266,"15-07-2025"
51.4637870788574,-3.15562987327576,"15-07-2025"
51.4639091491699,-3.1554000377655,"15-07-2025"
51.4640502929688,-3.15501999855042,"15-07-2025"
51.4641494750977,-3.15480995178223,"15-07-2025"
51.4641990661621,-3.15472984313965,"15-07-2025"
51.4642868041992,-3.15464997291565,"15-07-2025"
51.4643783569336,-3.15460991859436,"15-07-2025"
51.4645004272461,-3.15459990501404,"15-07-2025"
51.4645881652832,-3.15463995933533,"15-07-2025"
51.4646987915039,-3.15472984313965,"15-07-2025"
51.4647979736328,-3.15482997894287,"15-07-2025"
51.4649505615234,-3.15507984161377,"15-07-2025"
51.4651298522949,-3.15533995628357,"15-07-2025"
51.4651985168457,-3.15549993515015,"15-07-2025"
51.4651985168457,-3.15558981895447,"15-07-2025"
51.4651679992676,-3.15570998191833,"15-07-2025"
51.4649505615234,-3.15600991249084,"15-07-2025"
51.4647178649902,-3.15636992454529,"15-07-2025"
51.4645004272461,-3.15679001808167,"15-07-2025"
51.4643096923828,-3.15708994865417,"15-07-2025"
51.4642677307129,-3.15721988677979,"15-07-2025"
51.4642601013184,-3.15731000900269,"15-07-2025"
51.464298248291,-3.1574399471283,"15-07-2025"
51.4645080566406,-3.15768003463745,"15-07-2025"
51.4646072387695,-3.15774989128113,"15-07-2025"
51.4646492004395,-3.15781998634338,"15-07-2025"
51.4646682739258,-3.15789985656738,"15-07-2025"
51.4646873474121,-3.15810990333557,"15-07-2025"
51.4646682739258,-3.15820002555847,"15-07-2025"
51.4645690917969,-3.15830993652344,"15-07-2025"
51.4641876220703,-3.15887999534607,"15-07-2025"
51.4640579223633,-3.15912985801697,"15-07-2025"
51.4639472961426,-3.15944981575012,"15-07-2025"
51.4639091491699,-3.15951991081238,"15-07-2025"
51.4636878967285,-3.15975999832153,"15-07-2025"
51.4634971618652,-3.15992999076843,"15-07-2025"
51.46337890625,-3.16008996963501,"15-07-2025"
51.4631996154785,-3.16026997566223,"15-07-2025"
51.4631080627441,-3.16040992736816,"15-07-2025"
51.463020324707,-3.16066002845764,"15-07-2025"
51.4628677368164,-3.16085982322693,"15-07-2025"
51.4628105163574,-3.16090989112854,"15-07-2025"
51.4626884460449,-3.16090989112854,"15-07-2025"
51.4624900817871,-3.16106986999512,"15-07-2025"
51.4623184204102,-3.16104984283447,"15-07-2025"
51.4620475769043,-3.16103982925415,"15-07-2025"
51.4617080688477,-3.16111993789673,"15-07-2025"
51.4616470336914,-3.16115999221802,"15-07-2025"
51.461540222168,-3.16125988960266,"15-07-2025"
51.4614601135254,-3.16137003898621,"15-07-2025"
51.4592971801758,-3.15959000587463,"15-07-2025"
51.4592895507812,-3.15960001945496,"15-07-2025"
51.4591789245605,-3.1596999168396,"15-07-2025"
51.4590072631836,-3.15999984741211,"15-07-2025"
51.4580574035645,-3.16142988204956,"15-07-2025"
51.4579887390137,-3.16147994995117,"15-07-2025"
51.4578094482422,-3.16153001785278,"15-07-2025"
51.4576797485352,-3.1616199016571,"15-07-2025"
51.4572792053223,-3.16199994087219,"15-07-2025"
51.4569702148438,-3.16224002838135,"15-07-2025"
51.4567184448242,-3.16240000724792,"15-07-2025"
51.4560775756836,-3.16261982917786,"15-07-2025"
51.4560089111328,-3.1626398563385,"15-07-2025"
51.455867767334,-3.16261982917786,"15-07-2025"
51.4554977416992,-3.16252994537354,"15-07-2025"
51.4551773071289,-3.16240000724792,"15-07-2025"
51.4549598693848,-3.16224002838135,"15-07-2025"
51.4546585083008,-3.16207003593445,"15-07-2025"
51.4543876647949,-3.16184997558594,"15-07-2025"
51.454288482666,-3.16179990768433,"15-07-2025"
51.4540977478027,-3.16175985336304,"15-07-2025"
51.4538688659668,-3.16173982620239,"15-07-2025"
51.4536781311035,-3.16174983978271,"15-07-2025"
51.4535369873047,-3.161789894104,"15-07-2025"
51.4533882141113,-3.16187000274658,"15-07-2025"
51.4531402587891,-3.16211986541748,"15-07-2025"
51.4529991149902,-3.1622998714447,"15-07-2025"
51.452808380127,-3.16260981559753,"15-07-2025"
51.4526481628418,-3.1628098487854,"15-07-2025"
51.4525299072266,-3.16303992271423,"15-07-2025"
51.4520683288574,-3.16418981552124,"15-07-2025"
51.4519271850586,-3.16440987586975,"15-07-2025"
51.4517784118652,-3.16457986831665,"15-07-2025"
51.4515571594238,-3.16477990150452,"15-07-2025"
51.4513282775879,-3.1648998260498,"15-07-2025"
51.4511680603027,-3.16492986679077,"15-07-2025"
51.4510688781738,-3.16493988037109,"15-07-2025"
51.4504890441895,-3.16487002372742,"15-07-2025"
51.4500389099121,-3.16477990150452,"15-07-2025"
51.4499092102051,-3.16478991508484,"15-07-2025"
51.4494400024414,-3.16471982002258,"15-07-2025"
51.4492073059082,-3.16468000411987,"15-07-2025"
51.4489784240723,-3.16460990905762,"15-07-2025"
51.4488372802734,-3.16461992263794,"15-07-2025"
51.4483795166016,-3.16478991508484,"15-07-2025"
51.4482002258301,-3.16487002372742,"15-07-2025"
51.4479103088379,-3.16509985923767,"15-07-2025"
51.4476776123047,-3.16534996032715,"15-07-2025"
51.4475173950195,-3.16557002067566,"15-07-2025"
51.4473495483398,-3.16575980186462,"15-07-2025"
51.4471588134766,-3.16594982147217,"15-07-2025"
51.4464302062988,-3.16672992706299,"15-07-2025"
51.4463272094727,-3.16681003570557,"15-07-2025"
51.4449081420898,-3.17009997367859,"15-07-2025"
51.4448585510254,-3.17008996009827,"15-07-2025"
51.4448776245117,-3.16999983787537,"15-07-2025"
51.4449768066406,-3.16963982582092,"15-07-2025"
51.4451103210449,-3.16927981376648,"15-07-2025"
51.4451370239258,-3.16904997825623,"15-07-2025"
51.4451599121094,-3.16834998130798,"15-07-2025"
51.4451904296875,-3.16821980476379,"15-07-2025"
51.4454002380371,-3.16775989532471,"15-07-2025"
51.4456405639648,-3.16750001907349,"15-07-2025"
51.4460601806641,-3.1671199798584,"15-07-2025"
51.4464874267578,-3.16663002967834,"15-07-2025"
51.4467582702637,-3.16639995574951,"15-07-2025"
51.4476089477539,-3.16551995277405,"15-07-2025"
51.4477500915527,-3.1654098033905,"15-07-2025"
51.4480781555176,-3.1650698184967,"15-07-2025"
51.4482192993164,-3.16495990753174,"15-07-2025"
51.4484481811523,-3.16482996940613,"15-07-2025"
51.4486274719238,-3.16476988792419,"15-07-2025"
51.4487800598145,-3.16472983360291,"15-07-2025"
51.4490203857422,-3.16474986076355,"15-07-2025"
51.4494400024414,-3.16483998298645,"15-07-2025"
51.450138092041,-3.16493988037109,"15-07-2025"
51.4505081176758,-3.16500997543335,"15-07-2025"
51.451057434082,-3.16507983207703,"15-07-2025"
51.4512596130371,-3.1650698184967,"15-07-2025"
51.4514579772949,-3.16497993469238,"15-07-2025"
51.4516181945801,-3.16486001014709,"15-07-2025"
51.4518775939941,-3.16458988189697,"15-07-2025"
51.4521102905273,-3.16422986984253,"15-07-2025"
51.4524383544922,-3.16341996192932,"15-07-2025"
51.4526901245117,-3.16277003288269,"15-07-2025"
51.4529075622559,-3.16241002082825,"15-07-2025"
51.4531173706055,-3.16215991973877,"15-07-2025"
51.4532470703125,-3.16203999519348,"15-07-2025"
51.4534378051758,-3.16189980506897,"15-07-2025"
51.4535598754883,-3.16184997558594,"15-07-2025"
51.4539070129395,-3.16176986694336,"15-07-2025"
51.4541168212891,-3.161789894104,"15-07-2025"
51.4543991088867,-3.1619598865509,"15-07-2025"
51.4545783996582,-3.16210985183716,"15-07-2025"
51.4547080993652,-3.16219997406006,"15-07-2025"
51.4549293518066,-3.16231989860535,"15-07-2025"
51.4551277160645,-3.16240000724792,"15-07-2025"
51.4552803039551,-3.16247987747192,"15-07-2025"
51.4554481506348,-3.16254997253418,"15-07-2025"
51.4558982849121,-3.16265988349915,"15-07-2025"
51.4560585021973,-3.16265988349915,"15-07-2025"
51.4562072753906,-3.1626398563385,"15-07-2025"
51.456657409668,-3.1624698638916,"15-07-2025"
51.4567680358887,-3.16240000724792,"15-07-2025"
51.4569473266602,-3.16227984428406,"15-07-2025"
51.4571189880371,-3.1621298789978,"15-07-2025"
51.4572677612305,-3.16203999519348,"15-07-2025"
51.4573974609375,-3.16194987297058,"15-07-2025"
51.4576187133789,-3.16168999671936,"15-07-2025"
51.4577598571777,-3.16157984733582,"15-07-2025"
51.4578170776367,-3.16154980659485,"15-07-2025"
51.4580192565918,-3.16148996353149,"15-07-2025"
51.458137512207,-3.16138982772827,"15-07-2025"
51.4582786560059,-3.16119980812073,"15-07-2025"
51.458667755127,-3.16056990623474,"15-07-2025"
51.4590072631836,-3.16007995605469,"15-07-2025"
51.4592971801758,-3.15956997871399,"15-07-2025"
51.4596290588379,-3.15925002098083,"15-07-2025"
51.4597396850586,-3.15917992591858,"15-07-2025"
51.4597969055176,-3.15915989875793,"15-07-2025"
51.4600296020508,-3.15912985801697,"15-07-2025"
51.4604377746582,-3.15913987159729,"15-07-2025"
51.4606475830078,-3.15915989875793,"15-07-2025"
51.4607391357422,-3.15913987159729,"15-07-2025"
51.4608879089355,-3.15902996063232,"15-07-2025"
51.4611587524414,-3.15864992141724,"15-07-2025"
51.4613189697266,-3.15838003158569,"15-07-2025"
51.4617195129395,-3.15785980224609,"15-07-2025"
51.4618797302246,-3.15761995315552,"15-07-2025"
51.4622802734375,-3.15708994865417,"15-07-2025"
51.4628601074219,-3.15618991851807,"15-07-2025"
51.4629669189453,-3.15609002113342,"15-07-2025"
51.4630470275879,-3.15603995323181,"15-07-2025"
51.4633293151855,-3.15600991249084,"15-07-2025"
51.4634895324707,-3.15594983100891,"15-07-2025"
51.4636001586914,-3.15585994720459,"15-07-2025"
51.4637069702148,-3.1557400226593,"15-07-2025"
51.4637794494629,-3.15561985969543,"15-07-2025"
51.4639205932617,-3.1553099155426,"15-07-2025"
51.4640274047852,-3.15498995780945,"15-07-2025"
51.4641380310059,-3.15477991104126,"15-07-2025"
51.4642486572266,-3.15465998649597,"15-07-2025"
51.4643478393555,-3.15461993217468,"15-07-2025"
51.4644470214844,-3.15459990501404,"15-07-2025"
51.4645385742188,-3.15463995933533,"15-07-2025"
51.4646377563477,-3.15469980239868,"15-07-2025"
51.4648170471191,-3.15488982200623,"15-07-2025"
51.464958190918,-3.1551399230957,"15-07-2025"
51.4651489257812,-3.1554000377655,"15-07-2025"
51.4651870727539,-3.15551996231079,"15-07-2025"
51.4651794433594,-3.15559983253479,"15-07-2025"
51.4651298522949,-3.15570998191833,"15-07-2025"
51.464958190918,-3.15592980384827,"15-07-2025"
51.4646987915039,-3.15646982192993,"15-07-2025"
51.4645195007324,-3.15679001808167,"15-07-2025"
51.4643402099609,-3.15708994865417,"15-07-2025"
51.4642677307129,-3.1572699546814,"15-07-2025"
51.4642601013184,-3.15736985206604,"15-07-2025"
51.4643096923828,-3.15750002861023,"15-07-2025"
51.4644775390625,-3.15774989128113,"15-07-2025"
51.464599609375,-3.15785980224609,"15-07-2025"
51.4646682739258,-3.15808987617493,"15-07-2025"
51.464656829834,-3.1581699848175,"15-07-2025"
51.464469909668,-3.1584198474884,"15-07-2025"
51.4643898010254,-3.15848994255066,"15-07-2025"
51.4642105102539,-3.15876984596252,"15-07-2025"
51.4640693664551,-3.15906000137329,"15-07-2025"
51.4639587402344,-3.15940999984741,"15-07-2025"
51.4638786315918,-3.15953993797302,"15-07-2025"
51.4637794494629,-3.15964984893799,"15-07-2025"
51.4636497497559,-3.15975999832153,"15-07-2025"
51.4633369445801,-3.16015982627869,"15-07-2025"
51.4631576538086,-3.16034984588623,"15-07-2025"
51.4630889892578,-3.16044998168945,"15-07-2025"
51.4630470275879,-3.16057991981506,"15-07-2025"
51.4630088806152,-3.16065001487732,"15-07-2025"
51.4628105163574,-3.16086983680725,"15-07-2025"
51.4627494812012,-3.16089987754822,"15-07-2025"
51.4626579284668,-3.1608898639679,"15-07-2025"
51.4625778198242,-3.16094994544983,"15-07-2025"
51.4624786376953,-3.16104984283447,"15-07-2025"
51.4624176025391,-3.16105985641479,"15-07-2025"
51.462329864502,-3.16096997261047,"15-07-2025"
51.4622993469238,-3.16084980964661,"15-07-2025"
51.4622268676758,-3.16076993942261,"15-07-2025"
51.4621200561523,-3.16073989868164,"15-07-2025"
51.4619674682617,-3.16066980361938,"15-07-2025"
51.4619102478027,-3.16066980361938,"15-07-2025"
51.461856842041,-3.16068983078003,"15-07-2025"
51.4617080688477,-3.16078996658325,"15-07-2025"
51.4615478515625,-3.16091990470886,"15-07-2025"
51.4613380432129,-3.16115999221802,"15-07-2025"
51.4611282348633,-3.16070985794067,"15-07-2025"
51.4609794616699,-3.16032981872559,"15-07-2025"
51.4608573913574,-3.16014981269836,"15-07-2025"
51.4607696533203,-3.16008996963501,"15-07-2025"
51.4606590270996,-3.16005992889404,"15-07-2025"
51.4602203369141,-3.16010999679565,"15-07-2025"
51.4600677490234,-3.16009998321533,"15-07-2025"
51.4599990844727,-3.16005992889404,"15-07-2025"
51.4599189758301,-3.15997982025146,"15-07-2025"
51.4598083496094,-3.15982985496521,"15-07-2025"
51.4596481323242,-3.15953993797302,"15-07-2025"
51.4596176147461,-3.15937995910645,"15-07-2025"
51.4596481323242,-3.15922999382019,"15-07-2025"
51.4596977233887,-3.15917992591858,"15-07-2025"
51.459789276123,-3.15913987159729,"15-07-2025"
51.4606170654297,-3.15913987159729,"15-07-2025"
51.460750579834,-3.15908980369568,"15-07-2025"
51.4608573913574,-3.15898990631104,"15-07-2025"
51.4614791870117,-3.15823984146118,"15-07-2025"
51.4618988037109,-3.15756988525391,"15-07-2025"
51.4620780944824,-3.1573498249054,"15-07-2025"
51.4628982543945,-3.15616989135742,"15-07-2025"
51.462947845459,-3.15610980987549,"15-07-2025"
51.4630889892578,-3.15601992607117,"15-07-2025"
51.4633293151855,-3.1559898853302,"15-07-2025"
51.4634780883789,-3.15592002868652,"15-07-2025"
51.4636192321777,-3.15579986572266,"15-07-2025"
51.4637870788574,-3.15562987327576,"15-07-2025"
51.4639091491699,-3.1554000377655,"15-07-2025"
51.4640502929688,-3.15501999855042,"15-07-2025"
51.4641494750977,-3.15480995178223,"15-07-2025"
51.4641990661621,-3.15472984313965,"15-07-2025"
51.4642868041992,-3.15464997291565,"15-07-2025"
51.4643783569336,-3.15460991859436,"15-07-2025"
51.4645004272461,-3.15459990501404,"15-07-2025"
51.4645881652832,-3.15463995933533,"15-07-2025"
51.4646987915039,-3.15472984313965,"15-07-2025"
51.4647979736328,-3.15482997894287,"15-07-2025"
51.4649505615234,-3.15507984161377,"15-07-2025"
51.4651298522949,-3.15533995628357,"15-07-2025"
51.4651985168457,-3.15549993515015,"15-07-2025"
51.4651985168457,-3.15558981895447,"15-07-2025"
51.4651679992676,-3.15570998191833,"15-07-2025"
51.4649505615234,-3.15600991249084,"15-07-2025"
51.4647178649902,-3.15636992454529,"15-07-2025"
51.4645004272461,-3.15679001808167,"15-07-2025"
51.4643096923828,-3.15708994865417,"15-07-2025"
51.4642677307129,-3.15721988677979,"15-07-2025"
51.4642601013184,-3.15731000900269,"15-07-2025"
51.464298248291,-3.1574399471283,"15-07-2025"
51.4645080566406,-3.15768003463745,"15-07-2025"
51.4646072387695,-3.15774989128113,"15-07-2025"
51.4646492004395,-3.15781998634338,"15-07-2025"
51.4646682739258,-3.15789985656738,"15-07-2025"
51.4646873474121,-3.15810990333557,"15-07-2025"
51.4646682739258,-3.15820002555847,"15-07-2025"
51.4645690917969,-3.15830993652344,"15-07-2025"
51.4641876220703,-3.15887999534607,"15-07-2025"
51.4640579223633,-3.15912985801697,"15-07-2025"
51.4639472961426,-3.15944981575012,"15-07-2025"
51.4639091491699,-3.15951991081238,"15-07-2025"
51.4636878967285,-3.15975999832153,"15-07-2025"
51.4634971618652,-3.15992999076843,"15-07-2025"
51.46337890625,-3.16008996963501,"15-07-2025"
51.4631996154785,-3.16026997566223,"15-07-2025"
51.4631080627441,-3.16040992736816,"15-07-2025"
51.463020324707,-3.16066002845764,"15-07-2025"
51.4628677368164,-3.16085982322693,"15-07-2025"
51.4628105163574,-3.16090989112854,"15-07-2025"
51.4626884460449,-3.16090989112854,"15-07-2025"
51.4624900817871,-3.16106986999512,"15-07-2025"
51.4623184204102,-3.16104984283447,"15-07-2025"
51.4620475769043,-3.16103982925415,"15-07-2025"
51.4617080688477,-3.16111993789673,"15-07-2025"
51.4616470336914,-3.16115999221802,"15-07-2025"
51.461540222168,-3.16125988960266,"15-07-2025"
51.4614601135254,-3.16137003898621,"15-07-2025"
51.4592971801758,-3.15959000587463,"15-07-2025"
51.4592895507812,-3.15960001945496,"15-07-2025"
51.4591789245605,-3.1596999168396,"15-07-2025"
51.4590072631836,-3.15999984741211,"15-07-2025"
51.4580574035645,-3.16142988204956,"15-07-2025"
51.4579887390137,-3.16147994995117,"15-07-2025"
51.4578094482422,-3.16153001785278,"15-07-2025"
51.4576797485352,-3.1616199016571,"15-07-2025"
51.4572792053223,-3.16199994087219,"15-07-2025"
51.4569702148438,-3.16224002838135,"15-07-2025"
51.4567184448242,-3.16240000724792,"15-07-2025"
51.4560775756836,-3.16261982917786,"15-07-2025"
51.4560089111328,-3.1626398563385,"15-07-2025"
51.455867767334,-3.16261982917786,"15-07-2025"
51.4554977416992,-3.16252994537354,"15-07-2025"
51.4551773071289,-3.16240000724792,"15-07-2025"
51.4549598693848,-3.16224002838135,"15-07-2025"
51.4546585083008,-3.16207003593445,"15-07-2025"
51.4543876647949,-3.16184997558594,"15-07-2025"
51.454288482666,-3.16179990768433,"15-07-2025"
51.4540977478027,-3.16175985336304,"15-07-2025"
51.4538688659668,-3.16173982620239,"15-07-2025"
51.4536781311035,-3.16174983978271,"15-07-2025"
51.4535369873047,-3.161789894104,"15-07-2025"
51.4533882141113,-3.16187000274658,"15-07-2025"
51.4531402587891,-3.16211986541748,"15-07-2025"
51.4529991149902,-3.1622998714447,"15-07-2025"
51.452808380127,-3.16260981559753,"15-07-2025"
51.4526481628418,-3.1628098487854,"15-07-2025"
51.4525299072266,-3.16303992271423,"15-07-2025"
51.4520683288574,-3.16418981552124,"15-07-2025"
51.4519271850586,-3.16440987586975,"15-07-2025"
51.4517784118652,-3.16457986831665,"15-07-2025"
51.4515571594238,-3.16477990150452,"15-07-2025"
51.4513282775879,-3.1648998260498,"15-07-2025"
51.4511680603027,-3.16492986679077,"15-07-2025"
51.4510688781738,-3.16493988037109,"15-07-2025"
51.4504890441895,-3.16487002372742,"15-07-2025"
51.4500389099121,-3.16477990150452,"15-07-2025"
51.4499092102051,-3.16478991508484,"15-07-2025"
51.4494400024414,-3.16471982002258,"15-07-2025"
51.4492073059082,-3.16468000411987,"15-07-2025"
51.4489784240723,-3.16460990905762,"15-07-2025"
51.4488372802734,-3.16461992263794,"15-07-2025"
51.4483795166016,-3.16478991508484,"15-07-2025"
51.4482002258301,-3.16487002372742,"15-07-2025"
51.4479103088379,-3.16509985923767,"15-07-2025"
51.4476776123047,-3.16534996032715,"15-07-2025"
51.4475173950195,-3.16557002067566,"15-07-2025"
51.4473495483398,-3.16575980186462,"15-07-2025"
51.4471588134766,-3.16594982147217,"15-07-2025"
51.4464302062988,-3.16672992706299,"15-07-2025"
51.4463272094727,-3.16681003570557,"15-07-2025"
51.4433288574219,-3.17006993293762,"12-07-2025"
51.4433784484863,-3.17000985145569,"12-07-2025"
51.4433898925781,-3.17001986503601,"12-07-2025"
51.4434394836426,-3.17000985145569,"12-07-2025"
51.4434700012207,-3.17002987861633,"12-07-2025"
51.4436683654785,-3.16999983787537,"12-07-2025"
51.443717956543,-3.17001986503601,"12-07-2025"
51.4437484741211,-3.17004990577698,"12-07-2025"
51.4438400268555,-3.17034983634949,"12-07-2025"
51.4439468383789,-3.17051982879639,"12-07-2025"
51.4440689086914,-3.17063999176025,"12-07-2025"
51.4441986083984,-3.17072987556458,"12-07-2025"
51.444278717041,-3.17075991630554,"12-07-2025"
51.4443397521973,-3.17078995704651,"12-07-2025"
51.4443969726562,-3.17093992233276,"12-07-2025"
51.444450378418,-3.17143988609314,"12-07-2025"
51.4444580078125,-3.17186999320984,"12-07-2025"
51.4444999694824,-3.17196989059448,"12-07-2025"
51.4445304870605,-3.1719799041748,"12-07-2025"
51.4445381164551,-3.17200994491577,"12-07-2025"
51.4445495605469,-3.17217993736267,"12-07-2025"
51.444450378418,-3.1727499961853,"12-07-2025"
51.4443588256836,-3.17309999465942,"12-07-2025"
51.4442596435547,-3.17386984825134,"12-07-2025"
51.4442405700684,-3.17411994934082,"12-07-2025"
51.4442596435547,-3.17456984519958,"12-07-2025"
51.4442176818848,-3.17480993270874,"12-07-2025"
51.4441795349121,-3.17526984214783,"12-07-2025"
51.4441795349121,-3.17617988586426,"12-07-2025"
51.4442176818848,-3.17672991752625,"12-07-2025"
51.4442100524902,-3.17709994316101,"12-07-2025"
51.4442291259766,-3.17723989486694,"12-07-2025"
51.4442672729492,-3.17735981941223,"12-07-2025"
51.4444389343262,-3.17760992050171,"12-07-2025"
51.444507598877,-3.17768001556396,"12-07-2025"
51.4445877075195,-3.17771983146667,"12-07-2025"
51.4447479248047,-3.17773985862732,"12-07-2025"
51.4451293945312,-3.17757987976074,"12-07-2025"
51.4453582763672,-3.17751002311707,"12-07-2025"
51.445629119873,-3.17745995521545,"12-07-2025"
51.4456481933594,-3.17744994163513,"12-07-2025"
51.4456596374512,-3.17740988731384,"12-07-2025"
51.4456405639648,-3.1773898601532,"12-07-2025"
51.4455680847168,-3.17742991447449,"12-07-2025"
51.4450874328613,-3.17744994163513,"12-07-2025"
51.4449272155762,-3.17752981185913,"12-07-2025"
51.4449501037598,-3.17753982543945,"12-07-2025"
51.4448089599609,-3.17758989334106,"12-07-2025"
51.444766998291,-3.17758989334106,"12-07-2025"
51.4447479248047,-3.17756986618042,"12-07-2025"
51.4446792602539,-3.17759990692139,"12-07-2025"
51.4447479248047,-3.17761993408203,"12-07-2025"
51.4448471069336,-3.17761993408203,"12-07-2025"
51.4453086853027,-3.17752981185913,"12-07-2025"
51.4454879760742,-3.17744994163513,"12-07-2025"
51.4455986022949,-3.17745995521545,"12-07-2025"
51.4456481933594,-3.17739987373352,"12-07-2025"
51.4456100463867,-3.17741990089417,"12-07-2025"
51.445629119873,-3.1773898601532,"12-07-2025"
51.445629119873,-3.17741990089417,"12-07-2025"
51.4456405639648,-3.17740988731384,"12-07-2025"
51.445629119873,-3.17740988731384,"12-07-2025"
51.4456405639648,-3.17742991447449,"12-07-2025"
51.445369720459,-3.17742991447449,"12-07-2025"
51.4450874328613,-3.17746996879578,"12-07-2025"
51.4448089599609,-3.1775598526001,"12-07-2025"
51.4446792602539,-3.1775598526001,"12-07-2025"
51.4445686340332,-3.17756986618042,"12-07-2025"
51.4445304870605,-3.17754983901978,"12-07-2025"
51.444507598877,-3.17752981185913,"12-07-2025"
51.444450378418,-3.17711997032166,"12-07-2025"
51.4444274902344,-3.17659997940063,"12-07-2025"
51.4443969726562,-3.17630982398987,"12-07-2025"
51.444408416748,-3.17614984512329,"12-07-2025"
51.4444198608398,-3.17514991760254,"12-07-2025"
51.4443893432617,-3.17502999305725,"12-07-2025"
51.4443702697754,-3.17499995231628,"12-07-2025"
51.4442901611328,-3.17500996589661,"12-07-2025"
51.4441986083984,-3.17507982254028,"12-07-2025"
51.4441871643066,-3.17511987686157,"12-07-2025"
51.4441795349121,-3.1755998134613,"12-07-2025"
51.4442100524902,-3.17710995674133,"12-07-2025"
51.4442291259766,-3.17723989486694,"12-07-2025"
51.4442596435547,-3.17734980583191,"12-07-2025"
51.4444389343262,-3.17754983901978,"12-07-2025"
51.4445304870605,-3.17760992050171,"12-07-2025"
51.4446105957031,-3.17763996124268,"12-07-2025"
51.4449768066406,-3.17757987976074,"12-07-2025"
51.445068359375,-3.17754983901978,"12-07-2025"
51.4453277587891,-3.17750000953674,"12-07-2025"
51.4454879760742,-3.17744994163513,"12-07-2025"
51.4455299377441,-3.17746996879578,"12-07-2025"
51.4456100463867,-3.17744994163513,"12-07-2025"
51.4456481933594,-3.17743992805481,"12-07-2025"
51.4456672668457,-3.17739987373352,"12-07-2025"
51.4456481933594,-3.17734980583191,"12-07-2025"
51.445629119873,-3.17739987373352,"12-07-2025"
51.4456481933594,-3.17735981941223,"12-07-2025"
51.4456481933594,-3.17739987373352,"12-07-2025"
51.4455986022949,-3.17742991447449,"12-07-2025"
51.4452972412109,-3.17743992805481,"12-07-2025"
51.4450798034668,-3.1774799823761,"12-07-2025"
51.4450378417969,-3.17750000953674,"12-07-2025"
51.4449081420898,-3.17752981185913,"12-07-2025"
51.4447975158691,-3.17756986618042,"12-07-2025"
51.4447479248047,-3.17754983901978,"12-07-2025"
51.4446792602539,-3.17756986618042,"12-07-2025"
51.4446487426758,-3.17762994766235,"12-07-2025"
51.4447174072266,-3.17759990692139,"12-07-2025"
51.4450569152832,-3.17753982543945,"12-07-2025"
51.4453277587891,-3.17752981185913,"12-07-2025"
51.4454574584961,-3.1774799823761,"12-07-2025"
51.4455299377441,-3.17743992805481,"12-07-2025"
51.4456100463867,-3.17743992805481,"12-07-2025"
51.4456672668457,-3.17735981941223,"12-07-2025"
51.4456405639648,-3.17740988731384,"12-07-2025"
51.4455490112305,-3.17744994163513,"12-07-2025"
51.4455299377441,-3.17743992805481,"12-07-2025"
51.4449005126953,-3.17748999595642,"12-07-2025"
51.4446868896484,-3.17754983901978,"12-07-2025"
51.4446105957031,-3.1775598526001,"12-07-2025"
51.4445877075195,-3.17752981185913,"12-07-2025"
51.4444999694824,-3.17752003669739,"12-07-2025"
51.4444198608398,-3.17746996879578,"12-07-2025"
51.4443168640137,-3.17736983299255,"12-07-2025"
51.444278717041,-3.17722988128662,"12-07-2025"
51.4442291259766,-3.17676997184753,"12-07-2025"
51.4441986083984,-3.17629981040955,"12-07-2025"
51.4441871643066,-3.17560982704163,"12-07-2025"
51.4442100524902,-3.1754298210144,"12-07-2025"
51.4442596435547,-3.17397999763489,"12-07-2025"
51.4443168640137,-3.17361998558044,"12-07-2025"
51.4443969726562,-3.17260980606079,"12-07-2025"
51.4444389343262,-3.1724100112915,"12-07-2025"
51.4445571899414,-3.17206001281738,"12-07-2025"
51.444637298584,-3.17194986343384,"12-07-2025"
51.4446792602539,-3.17184996604919,"12-07-2025"
51.444766998291,-3.17143988609314,"12-07-2025"
51.4449005126953,-3.17106986045837,"12-07-2025"
51.444938659668,-3.17102003097534,"12-07-2025"
51.4449691772461,-3.17088985443115,"12-07-2025"
51.4450187683105,-3.17076992988586,"12-07-2025"
51.4450798034668,-3.17033982276917,"12-07-2025"
51.4450988769531,-3.17006993293762,"12-07-2025"
51.4451675415039,-3.16979002952576,"12-07-2025"
51.4452095031738,-3.16942000389099,"12-07-2025"
51.4452285766602,-3.16935992240906,"12-07-2025"
51.4452476501465,-3.16915988922119,"12-07-2025"
51.4452896118164,-3.16898989677429,"12-07-2025"
51.4452972412109,-3.1687798500061,"12-07-2025"
51.4453468322754,-3.16859984397888,"12-07-2025"
51.4453277587891,-3.16851997375488,"12-07-2025"
51.4452896118164,-3.16849994659424,"12-07-2025"
51.4452590942383,-3.16848993301392,"12-07-2025"
51.4452285766602,-3.16851997375488,"12-07-2025"
51.4451675415039,-3.16868996620178,"12-07-2025"
51.4450492858887,-3.1692898273468,"12-07-2025"
51.4450492858887,-3.16942000389099,"12-07-2025"
51.4433288574219,-3.17006993293762,"12-07-2025"
51.4433784484863,-3.17000985145569,"12-07-2025"
51.4433898925781,-3.17001986503601,"12-07-2025"
51.4434394836426,-3.17000985145569,"12-07-2025"
51.4434700012207,-3.17002987861633,"12-07-2025"
51.4436683654785,-3.16999983787537,"12-07-2025"
51.443717956543,-3.17001986503601,"12-07-2025"
51.4437484741211,-3.17004990577698,"12-07-2025"
51.4438400268555,-3.17034983634949,"12-07-2025"
51.4439468383789,-3.17051982879639,"12-07-2025"
51.4440689086914,-3.17063999176025,"12-07-2025"
51.4441986083984,-3.17072987556458,"12-07-2025"
51.444278717041,-3.17075991630554,"12-07-2025"
51.4443397521973,-3.17078995704651,"12-07-2025"
51.4443969726562,-3.17093992233276,"12-07-2025"
51.444450378418,-3.17143988609314,"12-07-2025"
51.4444580078125,-3.17186999320984,"12-07-2025"
51.4444999694824,-3.17196989059448,"12-07-2025"
51.4445304870605,-3.1719799041748,"12-07-2025"
51.4445381164551,-3.17200994491577,"12-07-2025"
51.4445495605469,-3.17217993736267,"12-07-2025"
51.444450378418,-3.1727499961853,"12-07-2025"
51.4443588256836,-3.17309999465942,"12-07-2025"
51.4442596435547,-3.17386984825134,"12-07-2025"
51.4442405700684,-3.17411994934082,"12-07-2025"
51.4442596435547,-3.17456984519958,"12-07-2025"
51.4442176818848,-3.17480993270874,"12-07-2025"
51.4441795349121,-3.17526984214783,"12-07-2025"
51.4441795349121,-3.17617988586426,"12-07-2025"
51.4442176818848,-3.17672991752625,"12-07-2025"
51.4442100524902,-3.17709994316101,"12-07-2025"
51.4442291259766,-3.17723989486694,"12-07-2025"
51.4442672729492,-3.17735981941223,"12-07-2025"
51.4444389343262,-3.17760992050171,"12-07-2025"
51.444507598877,-3.17768001556396,"12-07-2025"
51.4445877075195,-3.17771983146667,"12-07-2025"
51.4447479248047,-3.17773985862732,"12-07-2025"
51.4451293945312,-3.17757987976074,"12-07-2025"
51.4453582763672,-3.17751002311707,"12-07-2025"
51.445629119873,-3.17745995521545,"12-07-2025"
51.4456481933594,-3.17744994163513,"12-07-2025"
51.4456596374512,-3.17740988731384,"12-07-2025"
51.4456405639648,-3.1773898601532,"12-07-2025"
51.4455680847168,-3.17742991447449,"12-07-2025"
51.4450874328613,-3.17744994163513,"12-07-2025"
51.4449272155762,-3.17752981185913,"12-07-2025"
51.4449501037598,-3.17753982543945,"12-07-2025"
51.4448089599609,-3.17758989334106,"12-07-2025"
51.444766998291,-3.17758989334106,"12-07-2025"
51.4447479248047,-3.17756986618042,"12-07-2025"
51.4446792602539,-3.17759990692139,"12-07-2025"
51.4447479248047,-3.17761993408203,"12-07-2025"
51.4448471069336,-3.17761993408203,"12-07-2025"
51.4453086853027,-3.17752981185913,"12-07-2025"
51.4454879760742,-3.17744994163513,"12-07-2025"
51.4455986022949,-3.17745995521545,"12-07-2025"
51.4456481933594,-3.17739987373352,"12-07-2025"
51.4456100463867,-3.17741990089417,"12-07-2025"
51.445629119873,-3.1773898601532,"12-07-2025"
51.445629119873,-3.17741990089417,"12-07-2025"
51.4456405639648,-3.17740988731384,"12-07-2025"
51.445629119873,-3.17740988731384,"12-07-2025"
51.4456405639648,-3.17742991447449,"12-07-2025"
51.445369720459,-3.17742991447449,"12-07-2025"
51.4450874328613,-3.17746996879578,"12-07-2025"
51.4448089599609,-3.1775598526001,"12-07-2025"
51.4446792602539,-3.1775598526001,"12-07-2025"
51.4445686340332,-3.17756986618042,"12-07-2025"
51.4445304870605,-3.17754983901978,"12-07-2025"
51.444507598877,-3.17752981185913,"12-07-2025"
51.444450378418,-3.17711997032166,"12-07-2025"
51.4444274902344,-3.17659997940063,"12-07-2025"
51.4443969726562,-3.17630982398987,"12-07-2025"
51.444408416748,-3.17614984512329,"12-07-2025"
51.4444198608398,-3.17514991760254,"12-07-2025"
51.4443893432617,-3.17502999305725,"12-07-2025"
51.4443702697754,-3.17499995231628,"12-07-2025"
51.4442901611328,-3.17500996589661,"12-07-2025"
51.4441986083984,-3.17507982254028,"12-07-2025"
51.4441871643066,-3.17511987686157,"12-07-2025"
51.4441795349121,-3.1755998134613,"12-07-2025"
51.4442100524902,-3.17710995674133,"12-07-2025"
51.4442291259766,-3.17723989486694,"12-07-2025"
51.4442596435547,-3.17734980583191,"12-07-2025"
51.4444389343262,-3.17754983901978,"12-07-2025"
51.4445304870605,-3.17760992050171,"12-07-2025"
51.4446105957031,-3.17763996124268,"12-07-2025"
51.4449768066406,-3.17757987976074,"12-07-2025"
51.445068359375,-3.17754983901978,"12-07-2025"
51.4453277587891,-3.17750000953674,"12-07-2025"
51.4454879760742,-3.17744994163513,"12-07-2025"
51.4455299377441,-3.17746996879578,"12-07-2025"
51.4456100463867,-3.17744994163513,"12-07-2025"
51.4456481933594,-3.17743992805481,"12-07-2025"
51.4456672668457,-3.17739987373352,"12-07-2025"
51.4456481933594,-3.17734980583191,"12-07-2025"
51.445629119873,-3.17739987373352,"12-07-2025"
51.4456481933594,-3.17735981941223,"12-07-2025"
51.4456481933594,-3.17739987373352,"12-07-2025"
51.4455986022949,-3.17742991447449,"12-07-2025"
51.4452972412109,-3.17743992805481,"12-07-2025"
51.4450798034668,-3.1774799823761,"12-07-2025"
51.4450378417969,-3.17750000953674,"12-07-2025"
51.4449081420898,-3.17752981185913,"12-07-2025"
51.4447975158691,-3.17756986618042,"12-07-2025"
51.4447479248047,-3.17754983901978,"12-07-2025"
51.4446792602539,-3.17756986618042,"12-07-2025"
51.4446487426758,-3.17762994766235,"12-07-2025"
51.4447174072266,-3.17759990692139,"12-07-2025"
51.4450569152832,-3.17753982543945,"12-07-2025"
51.4453277587891,-3.17752981185913,"12-07-2025"
51.4454574584961,-3.1774799823761,"12-07-2025"
51.4455299377441,-3.17743992805481,"12-07-2025"
51.4456100463867,-3.17743992805481,"12-07-2025"
51.4456672668457,-3.17735981941223,"12-07-2025"
51.4456405639648,-3.17740988731384,"12-07-2025"
51.4455490112305,-3.17744994163513,"12-07-2025"
51.4455299377441,-3.17743992805481,"12-07-2025"
51.4449005126953,-3.17748999595642,"12-07-2025"
51.4446868896484,-3.17754983901978,"12-07-2025"
51.4446105957031,-3.1775598526001,"12-07-2025"
51.4445877075195,-3.17752981185913,"12-07-2025"
51.4444999694824,-3.17752003669739,"12-07-2025"
51.4444198608398,-3.17746996879578,"12-07-2025"
51.4443168640137,-3.17736983299255,"12-07-2025"
51.444278717041,-3.17722988128662,"12-07-2025"
51.4442291259766,-3.17676997184753,"12-07-2025"
51.4441986083984,-3.17629981040955,"12-07-2025"
51.4441871643066,-3.17560982704163,"12-07-2025"
51.4442100524902,-3.1754298210144,"12-07-2025"
51.4442596435547,-3.17397999763489,"12-07-2025"
51.4443168640137,-3.17361998558044,"12-07-2025"
51.4443969726562,-3.17260980606079,"12-07-2025"
51.4444389343262,-3.1724100112915,"12-07-2025"
51.4445571899414,-3.17206001281738,"12-07-2025"
51.444637298584,-3.17194986343384,"12-07-2025"
51.4446792602539,-3.17184996604919,"12-07-2025"
51.444766998291,-3.17143988609314,"12-07-2025"
51.4449005126953,-3.17106986045837,"12-07-2025"
51.444938659668,-3.17102003097534,"12-07-2025"
51.4449691772461,-3.17088985443115,"12-07-2025"
51.4450187683105,-3.17076992988586,"12-07-2025"
51.4450798034668,-3.17033982276917,"12-07-2025"
51.4450988769531,-3.17006993293762,"12-07-2025"
51.4451675415039,-3.16979002952576,"12-07-2025"
51.4452095031738,-3.16942000389099,"12-07-2025"
51.4452285766602,-3.16935992240906,"12-07-2025"
51.4452476501465,-3.16915988922119,"12-07-2025"
51.4452896118164,-3.16898989677429,"12-07-2025"
51.4452972412109,-3.1687798500061,"12-07-2025"
51.4453468322754,-3.16859984397888,"12-07-2025"
51.4453277587891,-3.16851997375488,"12-07-2025"
51.4452896118164,-3.16849994659424,"12-07-2025"
51.4452590942383,-3.16848993301392,"12-07-2025"
51.4452285766602,-3.16851997375488,"12-07-2025"
51.4451675415039,-3.16868996620178,"12-07-2025"
51.4450492858887,-3.1692898273468,"12-07-2025"
51.4450492858887,-3.16942000389099,"12-07-2025"
51.4435882568359,-3.16997981071472,"08-07-2025"
51.4436874389648,-3.16997981071472,"08-07-2025"
51.4437294006348,-3.17000985145569,"08-07-2025"
51.4437789916992,-3.17015981674194,"08-07-2025"
51.4437789916992,-3.17034983634949,"08-07-2025"
51.4437294006348,-3.17065000534058,"08-07-2025"
51.4436569213867,-3.17145991325378,"08-07-2025"
51.4435386657715,-3.17215991020203,"08-07-2025"
51.4434776306152,-3.17255997657776,"08-07-2025"
51.4434585571289,-3.17281985282898,"08-07-2025"
51.4434776306152,-3.17322993278503,"08-07-2025"
51.4435005187988,-3.17338991165161,"08-07-2025"
51.4435005187988,-3.17405986785889,"08-07-2025"
51.4434776306152,-3.17469000816345,"08-07-2025"
51.4434700012207,-3.17486000061035,"08-07-2025"
51.4434089660645,-3.17513990402222,"08-07-2025"
51.4433174133301,-3.17536997795105,"08-07-2025"
51.443187713623,-3.1755998134613,"08-07-2025"
51.4431304931641,-3.1757698059082,"08-07-2025"
51.4430198669434,-3.17594981193542,"08-07-2025"
51.4426689147949,-3.17635989189148,"08-07-2025"
51.4425773620605,-3.17650985717773,"08-07-2025"
51.442497253418,-3.17671990394592,"08-07-2025"
51.4423789978027,-3.17729997634888,"08-07-2025"
51.442310333252,-3.17744994163513,"08-07-2025"
51.4422073364258,-3.17758989334106,"08-07-2025"
51.441780090332,-3.17788982391357,"08-07-2025"
51.4415397644043,-3.17800998687744,"08-07-2025"
51.4414672851562,-3.17803001403809,"08-07-2025"
51.441349029541,-3.17792987823486,"08-07-2025"
51.4411773681641,-3.1778998374939,"08-07-2025"
51.4411277770996,-3.17791986465454,"08-07-2025"
51.440990447998,-3.17803001403809,"08-07-2025"
51.44091796875,-3.17803001403809,"08-07-2025"
51.4408493041992,-3.17805981636047,"08-07-2025"
51.4407005310059,-3.17816996574402,"08-07-2025"
51.4406394958496,-3.17831993103027,"08-07-2025"
51.4405784606934,-3.17842984199524,"08-07-2025"
51.4404792785645,-3.17851996421814,"08-07-2025"
51.4403305053711,-3.17863988876343,"08-07-2025"
51.4402389526367,-3.17874002456665,"08-07-2025"
51.4402198791504,-3.17885994911194,"08-07-2025"
51.4402389526367,-3.17908000946045,"08-07-2025"
51.4404602050781,-3.17951989173889,"08-07-2025"
51.440559387207,-3.17978000640869,"08-07-2025"
51.4405479431152,-3.18001985549927,"08-07-2025"
51.4403305053711,-3.18032002449036,"08-07-2025"
51.4401588439941,-3.18044996261597,"08-07-2025"
51.4401092529297,-3.18046998977661,"08-07-2025"
51.4399490356445,-3.18023991584778,"08-07-2025"
51.4398994445801,-3.18019986152649,"08-07-2025"
51.4397392272949,-3.18019986152649,"08-07-2025"
51.439640045166,-3.18017983436584,"08-07-2025"
51.439567565918,-3.18018984794617,"08-07-2025"
51.4393997192383,-3.1802499294281,"08-07-2025"
51.4392204284668,-3.18039989471436,"08-07-2025"
51.439079284668,-3.18045997619629,"08-07-2025"
51.439037322998,-3.18050003051758,"08-07-2025"
51.4390068054199,-3.18061995506287,"08-07-2025"
51.4389801025391,-3.18088984489441,"08-07-2025"
51.4389495849609,-3.18165993690491,"08-07-2025"
51.4390678405762,-3.18213987350464,"08-07-2025"
51.439079284668,-3.18226003646851,"08-07-2025"
51.4389495849609,-3.18366003036499,"08-07-2025"
51.4389190673828,-3.18454003334045,"08-07-2025"
51.4388694763184,-3.1850700378418,"08-07-2025"
51.4386901855469,-3.18601989746094,"08-07-2025"
51.4385871887207,-3.18685984611511,"08-07-2025"
51.4384994506836,-3.18721985816956,"08-07-2025"
51.4385185241699,-3.1873300075531,"08-07-2025"
51.4385185241699,-3.18761992454529,"08-07-2025"
51.4384269714355,-3.18835997581482,"08-07-2025"
51.438419342041,-3.18878984451294,"08-07-2025"
51.4384803771973,-3.18952989578247,"08-07-2025"
51.4385681152344,-3.19001984596252,"08-07-2025"
51.438850402832,-3.19095993041992,"08-07-2025"
51.4389381408691,-3.1912100315094,"08-07-2025"
51.4392204284668,-3.19183993339539,"08-07-2025"
51.4394989013672,-3.19240999221802,"08-07-2025"
51.4395294189453,-3.19253993034363,"08-07-2025"
51.439510345459,-3.19261980056763,"08-07-2025"
51.4394798278809,-3.19273996353149,"08-07-2025"
51.4394378662109,-3.19278001785278,"08-07-2025"
51.4389801025391,-3.19263982772827,"08-07-2025"
51.4385299682617,-3.19237995147705,"08-07-2025"
51.4384002685547,-3.19233989715576,"08-07-2025"
51.4380683898926,-3.19219994544983,"08-07-2025"
51.4379081726074,-3.19210982322693,"08-07-2025"
51.437629699707,-3.19199991226196,"08-07-2025"
51.4375190734863,-3.19192981719971,"08-07-2025"
51.437427520752,-3.19185996055603,"08-07-2025"
51.437198638916,-3.19149994850159,"08-07-2025"
51.4367179870605,-3.19065999984741,"08-07-2025"
51.4365768432617,-3.190269947052,"08-07-2025"
51.4364280700684,-3.18977999687195,"08-07-2025"
51.4363670349121,-3.18963003158569,"08-07-2025"
51.436279296875,-3.18946981430054,"08-07-2025"
51.4362182617188,-3.18936991691589,"08-07-2025"
51.4360694885254,-3.18921995162964,"08-07-2025"
51.4358901977539,-3.18907999992371,"08-07-2025"
51.4356384277344,-3.18884992599487,"08-07-2025"
51.4355278015137,-3.18867993354797,"08-07-2025"
51.4351768493652,-3.18797993659973,"08-07-2025"
51.4347991943359,-3.1874098777771,"08-07-2025"
51.4346580505371,-3.1872398853302,"08-07-2025"
51.434398651123,-3.18700981140137,"08-07-2025"
51.4339904785156,-3.18640995025635,"08-07-2025"
51.4338569641113,-3.18625998497009,"08-07-2025"
51.4336090087891,-3.18579983711243,"08-07-2025"
51.4335289001465,-3.18573999404907,"08-07-2025"
51.4334297180176,-3.18561983108521,"08-07-2025"
51.433349609375,-3.18543982505798,"08-07-2025"
51.4332504272461,-3.1853199005127,"08-07-2025"
51.433048248291,-3.18515992164612,"08-07-2025"
51.4329490661621,-3.18512988090515,"08-07-2025"
51.4328994750977,-3.1851499080658,"08-07-2025"
51.4328498840332,-3.18518996238708,"08-07-2025"
51.4327583312988,-3.18527984619141,"08-07-2025"
51.4326477050781,-3.18547987937927,"08-07-2025"
51.4325180053711,-3.18561983108521,"08-07-2025"
51.4324493408203,-3.18575000762939,"08-07-2025"
51.4323196411133,-3.18602991104126,"08-07-2025"
51.4321479797363,-3.18651986122131,"08-07-2025"
51.4320487976074,-3.18658995628357,"08-07-2025"
51.4319076538086,-3.18656992912292,"08-07-2025"
51.4315490722656,-3.18634986877441,"08-07-2025"
51.4313774108887,-3.18625998497009,"08-07-2025"
51.4310302734375,-3.18600988388062,"08-07-2025"
51.4305076599121,-3.18544983863831,"08-07-2025"
51.4303283691406,-3.18530988693237,"08-07-2025"
51.4301795959473,-3.18515992164612,"08-07-2025"
51.4300384521484,-3.18498992919922,"08-07-2025"
51.4299087524414,-3.1849799156189,"08-07-2025"
51.4297370910645,-3.18492984771729,"08-07-2025"
51.4295501708984,-3.18481993675232,"08-07-2025"
51.429027557373,-3.18460988998413,"08-07-2025"
51.4287071228027,-3.18443989753723,"08-07-2025"
51.428466796875,-3.18428993225098,"08-07-2025"
51.4279670715332,-3.1838698387146,"08-07-2025"
51.4278373718262,-3.18376994132996,"08-07-2025"
51.4276275634766,-3.18365001678467,"08-07-2025"
51.4274597167969,-3.18350982666016,"08-07-2025"
51.4272003173828,-3.18333983421326,"08-07-2025"
51.427059173584,-3.18320989608765,"08-07-2025"
51.4268989562988,-3.18297982215881,"08-07-2025"
51.4265785217285,-3.18238997459412,"08-07-2025"
51.4263687133789,-3.18204998970032,"08-07-2025"
51.426139831543,-3.18178987503052,"08-07-2025"
51.4259071350098,-3.18147993087769,"08-07-2025"
51.4257202148438,-3.18129992485046,"08-07-2025"
51.425537109375,-3.18110990524292,"08-07-2025"
51.4254493713379,-3.18096995353699,"08-07-2025"
51.4252471923828,-3.18059992790222,"08-07-2025"
51.4250602722168,-3.18010997772217,"08-07-2025"
51.424747467041,-3.17950987815857,"08-07-2025"
51.4247283935547,-3.17941999435425,"08-07-2025"
51.4246788024902,-3.17702984809875,"08-07-2025"
51.424690246582,-3.17690992355347,"08-07-2025"
51.4246482849121,-3.17641997337341,"08-07-2025"
51.4246788024902,-3.17625999450684,"08-07-2025"
51.4246978759766,-3.17622995376587,"08-07-2025"
51.4247589111328,-3.17620992660522,"08-07-2025"
51.4251480102539,-3.17620992660522,"08-07-2025"
51.4255485534668,-3.17624998092651,"08-07-2025"
51.4258575439453,-3.17621994018555,"08-07-2025"
51.4261894226074,-3.17615985870361,"08-07-2025"
51.4264678955078,-3.17615985870361,"08-07-2025"
51.4268379211426,-3.17612981796265,"08-07-2025"
51.4272689819336,-3.17611980438232,"08-07-2025"
51.4275283813477,-3.17616987228394,"08-07-2025"
51.4276084899902,-3.1761999130249,"08-07-2025"
51.427677154541,-3.17610001564026,"08-07-2025"
51.4277687072754,-3.17607998847961,"08-07-2025"
51.4278793334961,-3.17609000205994,"08-07-2025"
51.4288902282715,-3.17598986625671,"08-07-2025"
51.4292297363281,-3.17597985267639,"08-07-2025"
51.4302291870117,-3.17583990097046,"08-07-2025"
51.4305992126465,-3.17581987380981,"08-07-2025"
51.4309005737305,-3.1758599281311,"08-07-2025"
51.4309997558594,-3.1758599281311,"08-07-2025"
51.4310989379883,-3.17588996887207,"08-07-2025"
51.4311904907227,-3.17605996131897,"08-07-2025"
51.4312400817871,-3.17642998695374,"08-07-2025"
51.4312705993652,-3.17707991600037,"08-07-2025"
51.4314193725586,-3.1778199672699,"08-07-2025"
51.4314270019531,-3.17785000801086,"08-07-2025"
51.4314880371094,-3.17790985107422,"08-07-2025"
51.4315490722656,-3.17790985107422,"08-07-2025"
51.4316101074219,-3.17788982391357,"08-07-2025"
51.4318199157715,-3.17774987220764,"08-07-2025"
51.4320678710938,-3.17763996124268,"08-07-2025"
51.4323272705078,-3.17756986618042,"08-07-2025"
51.4325675964355,-3.17753982543945,"08-07-2025"
51.4332504272461,-3.17760992050171,"08-07-2025"
51.433406829834,-3.17765998840332,"08-07-2025"
51.4337692260742,-3.17773985862732,"08-07-2025"
51.4341697692871,-3.17776989936829,"08-07-2025"
51.4345588684082,-3.17786002159119,"08-07-2025"
51.4346389770508,-3.17783999443054,"08-07-2025"
51.4348487854004,-3.177729845047,"08-07-2025"
51.4349174499512,-3.17762994766235,"08-07-2025"
51.43505859375,-3.17734980583191,"08-07-2025"
51.4435882568359,-3.16997981071472,"08-07-2025"
51.4436874389648,-3.16997981071472,"08-07-2025"
51.4437294006348,-3.17000985145569,"08-07-2025"
51.4437789916992,-3.17015981674194,"08-07-2025"
51.4437789916992,-3.17034983634949,"08-07-2025"
51.4437294006348,-3.17065000534058,"08-07-2025"
51.4436569213867,-3.17145991325378,"08-07-2025"
51.4435386657715,-3.17215991020203,"08-07-2025"
51.4434776306152,-3.17255997657776,"08-07-2025"
51.4434585571289,-3.17281985282898,"08-07-2025"
51.4434776306152,-3.17322993278503,"08-07-2025"
51.4435005187988,-3.17338991165161,"08-07-2025"
51.4435005187988,-3.17405986785889,"08-07-2025"
51.4434776306152,-3.17469000816345,"08-07-2025"
51.4434700012207,-3.17486000061035,"08-07-2025"
51.4434089660645,-3.17513990402222,"08-07-2025"
51.4433174133301,-3.17536997795105,"08-07-2025"
51.443187713623,-3.1755998134613,"08-07-2025"
51.4431304931641,-3.1757698059082,"08-07-2025"
51.4430198669434,-3.17594981193542,"08-07-2025"
51.4426689147949,-3.17635989189148,"08-07-2025"
51.4425773620605,-3.17650985717773,"08-07-2025"
51.442497253418,-3.17671990394592,"08-07-2025"
51.4423789978027,-3.17729997634888,"08-07-2025"
51.442310333252,-3.17744994163513,"08-07-2025"
51.4422073364258,-3.17758989334106,"08-07-2025"
51.441780090332,-3.17788982391357,"08-07-2025"
51.4415397644043,-3.17800998687744,"08-07-2025"
51.4414672851562,-3.17803001403809,"08-07-2025"
51.441349029541,-3.17792987823486,"08-07-2025"
51.4411773681641,-3.1778998374939,"08-07-2025"
51.4411277770996,-3.17791986465454,"08-07-2025"
51.440990447998,-3.17803001403809,"08-07-2025"
51.44091796875,-3.17803001403809,"08-07-2025"
51.4408493041992,-3.17805981636047,"08-07-2025"
51.4407005310059,-3.17816996574402,"08-07-2025"
51.4406394958496,-3.17831993103027,"08-07-2025"
51.4405784606934,-3.17842984199524,"08-07-2025"
51.4404792785645,-3.17851996421814,"08-07-2025"
51.4403305053711,-3.17863988876343,"08-07-2025"
51.4402389526367,-3.17874002456665,"08-07-2025"
51.4402198791504,-3.17885994911194,"08-07-2025"
51.4402389526367,-3.17908000946045,"08-07-2025"
51.4404602050781,-3.17951989173889,"08-07-2025"
51.440559387207,-3.17978000640869,"08-07-2025"
51.4405479431152,-3.18001985549927,"08-07-2025"
51.4403305053711,-3.18032002449036,"08-07-2025"
51.4401588439941,-3.18044996261597,"08-07-2025"
51.4401092529297,-3.18046998977661,"08-07-2025"
51.4399490356445,-3.18023991584778,"08-07-2025"
51.4398994445801,-3.18019986152649,"08-07-2025"
51.4397392272949,-3.18019986152649,"08-07-2025"
51.439640045166,-3.18017983436584,"08-07-2025"
51.439567565918,-3.18018984794617,"08-07-2025"
51.4393997192383,-3.1802499294281,"08-07-2025"
51.4392204284668,-3.18039989471436,"08-07-2025"
51.439079284668,-3.18045997619629,"08-07-2025"
51.439037322998,-3.18050003051758,"08-07-2025"
51.4390068054199,-3.18061995506287,"08-07-2025"
51.4389801025391,-3.18088984489441,"08-07-2025"
51.4389495849609,-3.18165993690491,"08-07-2025"
51.4390678405762,-3.18213987350464,"08-07-2025"
51.439079284668,-3.18226003646851,"08-07-2025"
51.4389495849609,-3.18366003036499,"08-07-2025"
51.4389190673828,-3.18454003334045,"08-07-2025"
51.4388694763184,-3.1850700378418,"08-07-2025"
51.4386901855469,-3.18601989746094,"08-07-2025"
51.4385871887207,-3.18685984611511,"08-07-2025"
51.4384994506836,-3.18721985816956,"08-07-2025"
51.4385185241699,-3.1873300075531,"08-07-2025"
51.4385185241699,-3.18761992454529,"08-07-2025"
51.4384269714355,-3.18835997581482,"08-07-2025"
51.438419342041,-3.18878984451294,"08-07-2025"
51.4384803771973,-3.18952989578247,"08-07-2025"
51.4385681152344,-3.19001984596252,"08-07-2025"
51.438850402832,-3.19095993041992,"08-07-2025"
51.4389381408691,-3.1912100315094,"08-07-2025"
51.4392204284668,-3.19183993339539,"08-07-2025"
51.4394989013672,-3.19240999221802,"08-07-2025"
51.4395294189453,-3.19253993034363,"08-07-2025"
51.439510345459,-3.19261980056763,"08-07-2025"
51.4394798278809,-3.19273996353149,"08-07-2025"
51.4394378662109,-3.19278001785278,"08-07-2025"
51.4389801025391,-3.19263982772827,"08-07-2025"
51.4385299682617,-3.19237995147705,"08-07-2025"
51.4384002685547,-3.19233989715576,"08-07-2025"
51.4380683898926,-3.19219994544983,"08-07-2025"
51.4379081726074,-3.19210982322693,"08-07-2025"
51.437629699707,-3.19199991226196,"08-07-2025"
51.4375190734863,-3.19192981719971,"08-07-2025"
51.437427520752,-3.19185996055603,"08-07-2025"
51.437198638916,-3.19149994850159,"08-07-2025"
51.4367179870605,-3.19065999984741,"08-07-2025"
51.4365768432617,-3.190269947052,"08-07-2025"
51.4364280700684,-3.18977999687195,"08-07-2025"
51.4363670349121,-3.18963003158569,"08-07-2025"
51.436279296875,-3.18946981430054,"08-07-2025"
51.4362182617188,-3.18936991691589,"08-07-2025"
51.4360694885254,-3.18921995162964,"08-07-2025"
51.4358901977539,-3.18907999992371,"08-07-2025"
51.4356384277344,-3.18884992599487,"08-07-2025"
51.4355278015137,-3.18867993354797,"08-07-2025"
51.4351768493652,-3.18797993659973,"08-07-2025"
51.4347991943359,-3.1874098777771,"08-07-2025"
51.4346580505371,-3.1872398853302,"08-07-2025"
51.434398651123,-3.18700981140137,"08-07-2025"
51.4339904785156,-3.18640995025635,"08-07-2025"
51.4338569641113,-3.18625998497009,"08-07-2025"
51.4336090087891,-3.18579983711243,"08-07-2025"
51.4335289001465,-3.18573999404907,"08-07-2025"
51.4334297180176,-3.18561983108521,"08-07-2025"
51.433349609375,-3.18543982505798,"08-07-2025"
51.4332504272461,-3.1853199005127,"08-07-2025"
51.433048248291,-3.18515992164612,"08-07-2025"
51.4329490661621,-3.18512988090515,"08-07-2025"
51.4328994750977,-3.1851499080658,"08-07-2025"
51.4328498840332,-3.18518996238708,"08-07-2025"
51.4327583312988,-3.18527984619141,"08-07-2025"
51.4326477050781,-3.18547987937927,"08-07-2025"
51.4325180053711,-3.18561983108521,"08-07-2025"
51.4324493408203,-3.18575000762939,"08-07-2025"
51.4323196411133,-3.18602991104126,"08-07-2025"
51.4321479797363,-3.18651986122131,"08-07-2025"
51.4320487976074,-3.18658995628357,"08-07-2025"
51.4319076538086,-3.18656992912292,"08-07-2025"
51.4315490722656,-3.18634986877441,"08-07-2025"
51.4313774108887,-3.18625998497009,"08-07-2025"
51.4310302734375,-3.18600988388062,"08-07-2025"
51.4305076599121,-3.18544983863831,"08-07-2025"
51.4303283691406,-3.18530988693237,"08-07-2025"
51.4301795959473,-3.18515992164612,"08-07-2025"
51.4300384521484,-3.18498992919922,"08-07-2025"
51.4299087524414,-3.1849799156189,"08-07-2025"
51.4297370910645,-3.18492984771729,"08-07-2025"
51.4295501708984,-3.18481993675232,"08-07-2025"
51.429027557373,-3.18460988998413,"08-07-2025"
51.4287071228027,-3.18443989753723,"08-07-2025"
51.428466796875,-3.18428993225098,"08-07-2025"
51.4279670715332,-3.1838698387146,"08-07-2025"
51.4278373718262,-3.18376994132996,"08-07-2025"
51.4276275634766,-3.18365001678467,"08-07-2025"
51.4274597167969,-3.18350982666016,"08-07-2025"
51.4272003173828,-3.18333983421326,"08-07-2025"
51.427059173584,-3.18320989608765,"08-07-2025"
51.4268989562988,-3.18297982215881,"08-07-2025"
51.4265785217285,-3.18238997459412,"08-07-2025"
51.4263687133789,-3.18204998970032,"08-07-2025"
51.426139831543,-3.18178987503052,"08-07-2025"
51.4259071350098,-3.18147993087769,"08-07-2025"
51.4257202148438,-3.18129992485046,"08-07-2025"
51.425537109375,-3.18110990524292,"08-07-2025"
51.4254493713379,-3.18096995353699,"08-07-2025"
51.4252471923828,-3.18059992790222,"08-07-2025"
51.4250602722168,-3.18010997772217,"08-07-2025"
51.424747467041,-3.17950987815857,"08-07-2025"
51.4247283935547,-3.17941999435425,"08-07-2025"
51.4246788024902,-3.17702984809875,"08-07-2025"
51.424690246582,-3.17690992355347,"08-07-2025"
51.4246482849121,-3.17641997337341,"08-07-2025"
51.4246788024902,-3.17625999450684,"08-07-2025"
51.4246978759766,-3.17622995376587,"08-07-2025"
51.4247589111328,-3.17620992660522,"08-07-2025"
51.4251480102539,-3.17620992660522,"08-07-2025"
51.4255485534668,-3.17624998092651,"08-07-2025"
51.4258575439453,-3.17621994018555,"08-07-2025"
51.4261894226074,-3.17615985870361,"08-07-2025"
51.4264678955078,-3.17615985870361,"08-07-2025"
51.4268379211426,-3.17612981796265,"08-07-2025"
51.4272689819336,-3.17611980438232,"08-07-2025"
51.4275283813477,-3.17616987228394,"08-07-2025"
51.4276084899902,-3.1761999130249,"08-07-2025"
51.427677154541,-3.17610001564026,"08-07-2025"
51.4277687072754,-3.17607998847961,"08-07-2025"
51.4278793334961,-3.17609000205994,"08-07-2025"
51.4288902282715,-3.17598986625671,"08-07-2025"
51.4292297363281,-3.17597985267639,"08-07-2025"
51.4302291870117,-3.17583990097046,"08-07-2025"
51.4305992126465,-3.17581987380981,"08-07-2025"
51.4309005737305,-3.1758599281311,"08-07-2025"
51.4309997558594,-3.1758599281311,"08-07-2025"
51.4310989379883,-3.17588996887207,"08-07-2025"
51.4311904907227,-3.17605996131897,"08-07-2025"
51.4312400817871,-3.17642998695374,"08-07-2025"
51.4312705993652,-3.17707991600037,"08-07-2025"
51.4314193725586,-3.1778199672699,"08-07-2025"
51.4314270019531,-3.17785000801086,"08-07-2025"
51.4314880371094,-3.17790985107422,"08-07-2025"
51.4315490722656,-3.17790985107422,"08-07-2025"
51.4316101074219,-3.17788982391357,"08-07-2025"
51.4318199157715,-3.17774987220764,"08-07-2025"
51.4320678710938,-3.17763996124268,"08-07-2025"
51.4323272705078,-3.17756986618042,"08-07-2025"
51.4325675964355,-3.17753982543945,"08-07-2025"
51.4332504272461,-3.17760992050171,"08-07-2025"
51.433406829834,-3.17765998840332,"08-07-2025"
51.4337692260742,-3.17773985862732,"08-07-2025"
51.4341697692871,-3.17776989936829,"08-07-2025"
51.4345588684082,-3.17786002159119,"08-07-2025"
51.4346389770508,-3.17783999443054,"08-07-2025"
51.4348487854004,-3.177729845047,"08-07-2025"
51.4349174499512,-3.17762994766235,"08-07-2025"
51.43505859375,-3.17734980583191,"08-07-2025"
51.4281578063965,-3.18118000030518,"07-07-2025"
51.4281692504883,-3.18121981620789,"07-07-2025"
51.428108215332,-3.18137001991272,"07-07-2025"
51.427848815918,-3.18197989463806,"07-07-2025"
51.4277191162109,-3.18243980407715,"07-07-2025"
51.4275894165039,-3.18281984329224,"07-07-2025"
51.4274291992188,-3.18316984176636,"07-07-2025"
51.4274291992188,-3.18326997756958,"07-07-2025"
51.427490234375,-3.18345999717712,"07-07-2025"
51.4276084899902,-3.18359994888306,"07-07-2025"
51.4277687072754,-3.18371987342834,"07-07-2025"
51.4280891418457,-3.18391990661621,"07-07-2025"
51.4282684326172,-3.18407988548279,"07-07-2025"
51.4284477233887,-3.1842098236084,"07-07-2025"
51.4285697937012,-3.18426990509033,"07-07-2025"
51.4285888671875,-3.1842999458313,"07-07-2025"
51.4285583496094,-3.18434000015259,"07-07-2025"
51.4284973144531,-3.18438982963562,"07-07-2025"
51.4283676147461,-3.18439984321594,"07-07-2025"
51.4283180236816,-3.18443989753723,"07-07-2025"
51.4282493591309,-3.1845498085022,"07-07-2025"
51.4281578063965,-3.18474984169006,"07-07-2025"
51.4280586242676,-3.18502998352051,"07-07-2025"
51.4279174804688,-3.18540000915527,"07-07-2025"
51.4278678894043,-3.18560981750488,"07-07-2025"
51.427806854248,-3.18577980995178,"07-07-2025"
51.4275779724121,-3.18625998497009,"07-07-2025"
51.4274368286133,-3.18669986724854,"07-07-2025"
51.4272499084473,-3.18755984306335,"07-07-2025"
51.4271202087402,-3.18784999847412,"07-07-2025"
51.4270477294922,-3.18831992149353,"07-07-2025"
51.4269905090332,-3.18839001655579,"07-07-2025"
51.426887512207,-3.1884298324585,"07-07-2025"
51.4263305664062,-3.18841981887817,"07-07-2025"
51.4260597229004,-3.18839001655579,"07-07-2025"
51.4259376525879,-3.18839001655579,"07-07-2025"
51.4259071350098,-3.18843984603882,"07-07-2025"
51.4258880615234,-3.1885199546814,"07-07-2025"
51.4257698059082,-3.18930983543396,"07-07-2025"
51.4256896972656,-3.1894998550415,"07-07-2025"
51.425609588623,-3.18955993652344,"07-07-2025"
51.425479888916,-3.18962001800537,"07-07-2025"
51.425048828125,-3.18980002403259,"07-07-2025"
51.4248695373535,-3.18988990783691,"07-07-2025"
51.424690246582,-3.1899299621582,"07-07-2025"
51.4246292114258,-3.18991994857788,"07-07-2025"
51.4245071411133,-3.18985986709595,"07-07-2025"
51.4243698120117,-3.18990993499756,"07-07-2025"
51.4243202209473,-3.18996000289917,"07-07-2025"
51.4242286682129,-3.19033002853394,"07-07-2025"
51.4242286682129,-3.19054985046387,"07-07-2025"
51.4243087768555,-3.19071984291077,"07-07-2025"
51.4243698120117,-3.19073987007141,"07-07-2025"
51.4243583679199,-3.19074988365173,"07-07-2025"
51.4243278503418,-3.19073987007141,"07-07-2025"
51.4243392944336,-3.19073987007141,"07-07-2025"
51.4243469238281,-3.19071984291077,"07-07-2025"
51.4243392944336,-3.19074988365173,"07-07-2025"
51.4242973327637,-3.19075989723206,"07-07-2025"
51.4241371154785,-3.19073987007141,"07-07-2025"
51.4240074157715,-3.19074988365173,"07-07-2025"
51.4239501953125,-3.19073987007141,"07-07-2025"
51.4237785339355,-3.19075989723206,"07-07-2025"
51.4234275817871,-3.19087982177734,"07-07-2025"
51.4230690002441,-3.19091987609863,"07-07-2025"
51.4227981567383,-3.19098997116089,"07-07-2025"
51.4226303100586,-3.19104981422424,"07-07-2025"
51.4224700927734,-3.19113993644714,"07-07-2025"
51.4223175048828,-3.19115996360779,"07-07-2025"
51.4221878051758,-3.19112992286682,"07-07-2025"
51.4220886230469,-3.19108986854553,"07-07-2025"
51.4218673706055,-3.19093990325928,"07-07-2025"
51.4218368530273,-3.19086980819702,"07-07-2025"
51.4218292236328,-3.19084000587463,"07-07-2025"
51.4218482971191,-3.19084000587463,"07-07-2025"
51.4217987060547,-3.1907799243927,"07-07-2025"
51.4217987060547,-3.19073987007141,"07-07-2025"
51.421817779541,-3.19072985649109,"07-07-2025"
51.4217987060547,-3.19072985649109,"07-07-2025"
51.4217872619629,-3.19075989723206,"07-07-2025"
51.4217987060547,-3.19082999229431,"07-07-2025"
51.4219284057617,-3.19107985496521,"07-07-2025"
51.4219970703125,-3.1912899017334,"07-07-2025"
51.4220199584961,-3.19139981269836,"07-07-2025"
51.4220199584961,-3.19159984588623,"07-07-2025"
51.421947479248,-3.19186997413635,"07-07-2025"
51.4219169616699,-3.19191002845764,"07-07-2025"
51.4216995239258,-3.19209980964661,"07-07-2025"
51.4216804504395,-3.19214987754822,"07-07-2025"
51.4216804504395,-3.19225001335144,"07-07-2025"
51.4217185974121,-3.19231986999512,"07-07-2025"
51.4217376708984,-3.19231986999512,"07-07-2025"
51.4217491149902,-3.19236993789673,"07-07-2025"
51.4216690063477,-3.19248986244202,"07-07-2025"
51.4216995239258,-3.19247984886169,"07-07-2025"
51.4217185974121,-3.19250988960266,"07-07-2025"
51.4217300415039,-3.19247984886169,"07-07-2025"
51.4217071533203,-3.19247984886169,"07-07-2025"
51.4217300415039,-3.19250988960266,"07-07-2025"
51.4217071533203,-3.19252991676331,"07-07-2025"
51.4216499328613,-3.19252991676331,"07-07-2025"
51.421558380127,-3.19249987602234,"07-07-2025"
51.4212493896484,-3.19235992431641,"07-07-2025"
51.4208068847656,-3.19207000732422,"07-07-2025"
51.4204177856445,-3.19178986549377,"07-07-2025"
51.4202079772949,-3.19168996810913,"07-07-2025"
51.4200286865234,-3.19157981872559,"07-07-2025"
51.4196586608887,-3.19127988815308,"07-07-2025"
51.419319152832,-3.19107985496521,"07-07-2025"
51.4190101623535,-3.19092988967896,"07-07-2025"
51.4187889099121,-3.19078993797302,"07-07-2025"
51.4186668395996,-3.1906898021698,"07-07-2025"
51.4184303283691,-3.1904399394989,"07-07-2025"
51.4180374145508,-3.19006991386414,"07-07-2025"
51.417610168457,-3.18957996368408,"07-07-2025"
51.4175491333008,-3.18947982788086,"07-07-2025"
51.4175491333008,-3.18944001197815,"07-07-2025"
51.4175796508789,-3.18940997123718,"07-07-2025"
51.4175987243652,-3.18942999839783,"07-07-2025"
51.4175987243652,-3.18945980072021,"07-07-2025"
51.4175987243652,-3.18935990333557,"07-07-2025"
51.4176597595215,-3.18935990333557,"07-07-2025"
51.4176177978516,-3.18940997123718,"07-07-2025"
51.4175300598145,-3.18937993049622,"07-07-2025"
51.4170074462891,-3.18907999992371,"07-07-2025"
51.416748046875,-3.18883991241455,"07-07-2025"
51.4165496826172,-3.1885998249054,"07-07-2025"
51.4165573120117,-3.1885998249054,"07-07-2025"
51.4165496826172,-3.18856000900269,"07-07-2025"
51.4165573120117,-3.18847990036011,"07-07-2025"
51.4168472290039,-3.18773984909058,"07-07-2025"
51.4168586730957,-3.18775987625122,"07-07-2025"
51.416877746582,-3.18771982192993,"07-07-2025"
51.4169273376465,-3.18776988983154,"07-07-2025"
51.416919708252,-3.18770003318787,"07-07-2025"
51.416919708252,-3.18775987625122,"07-07-2025"
51.4168891906738,-3.18779993057251,"07-07-2025"
51.4168968200684,-3.18780994415283,"07-07-2025"
51.4169082641602,-3.18777990341187,"07-07-2025"
51.416877746582,-3.18777990341187,"07-07-2025"
51.4169082641602,-3.18765997886658,"07-07-2025"
51.4169387817383,-3.18747997283936,"07-07-2025"
51.4169692993164,-3.18738985061646,"07-07-2025"
51.4169998168945,-3.18735980987549,"07-07-2025"
51.4170074462891,-3.18736982345581,"07-07-2025"
51.4170379638672,-3.18730998039246,"07-07-2025"
51.4170684814453,-3.18728995323181,"07-07-2025"
51.4170799255371,-3.18735003471375,"07-07-2025"
51.4170799255371,-3.18731999397278,"07-07-2025"
51.4170379638672,-3.18731999397278,"07-07-2025"
51.4170303344727,-3.18729996681213,"07-07-2025"
51.417049407959,-3.18731999397278,"07-07-2025"
51.4170379638672,-3.18730998039246,"07-07-2025"
51.4170303344727,-3.18731999397278,"07-07-2025"
51.417049407959,-3.18734002113342,"07-07-2025"
51.417049407959,-3.18728995323181,"07-07-2025"
51.4170570373535,-3.1873300075531,"07-07-2025"
51.417049407959,-3.18735003471375,"07-07-2025"
51.4170570373535,-3.1873300075531,"07-07-2025"
51.4170379638672,-3.18731999397278,"07-07-2025"
51.417049407959,-3.18727993965149,"07-07-2025"
51.4169998168945,-3.18730998039246,"07-07-2025"
51.4169502258301,-3.1874098777771,"07-07-2025"
51.4168395996094,-3.1878399848938,"07-07-2025"
51.4166984558105,-3.18830990791321,"07-07-2025"
51.4165573120117,-3.18850994110107,"07-07-2025"
51.4165077209473,-3.1885199546814,"07-07-2025"
51.4164276123047,-3.1885199546814,"07-07-2025"
51.4162673950195,-3.18840003013611,"07-07-2025"
51.4159698486328,-3.18805003166199,"07-07-2025"
51.415657043457,-3.18776988983154,"07-07-2025"
51.4153099060059,-3.18736982345581,"07-07-2025"
51.4150505065918,-3.18711996078491,"07-07-2025"
51.4147987365723,-3.18687987327576,"07-07-2025"
51.4145469665527,-3.18670988082886,"07-07-2025"
51.4143905639648,-3.18654990196228,"07-07-2025"
51.4141387939453,-3.18622994422913,"07-07-2025"
51.4140396118164,-3.18617987632751,"07-07-2025"
51.4139595031738,-3.18618988990784,"07-07-2025"
51.4138679504395,-3.18623995780945,"07-07-2025"
51.4137573242188,-3.18635988235474,"07-07-2025"
51.4137077331543,-3.18646001815796,"07-07-2025"
51.4136085510254,-3.18683981895447,"07-07-2025"
51.4135475158691,-3.18717980384827,"07-07-2025"
51.4134979248047,-3.18759989738464,"07-07-2025"
51.4135093688965,-3.18794989585876,"07-07-2025"
51.413459777832,-3.1884298324585,"07-07-2025"
51.4134368896484,-3.18905997276306,"07-07-2025"
51.4134674072266,-3.18928003311157,"07-07-2025"
51.4135398864746,-3.18952989578247,"07-07-2025"
51.4136390686035,-3.19012999534607,"07-07-2025"
51.4138069152832,-3.19064998626709,"07-07-2025"
51.4138984680176,-3.19113993644714,"07-07-2025"
51.4139404296875,-3.19125986099243,"07-07-2025"
51.4140281677246,-3.19137001037598,"07-07-2025"
51.4143905639648,-3.19168996810913,"07-07-2025"
51.4145202636719,-3.19183993339539,"07-07-2025"
51.4147872924805,-3.19208002090454,"07-07-2025"
51.4148902893066,-3.19219994544983,"07-07-2025"
51.4149894714355,-3.19244980812073,"07-07-2025"
51.4150581359863,-3.19250988960266,"07-07-2025"
51.4151573181152,-3.19254994392395,"07-07-2025"
51.4152297973633,-3.19254994392395,"07-07-2025"
51.4153480529785,-3.19247984886169,"07-07-2025"
51.415470123291,-3.19246983528137,"07-07-2025"
51.4154396057129,-3.19247984886169,"07-07-2025"
51.4154396057129,-3.19245982170105,"07-07-2025"
51.4154281616211,-3.19246983528137,"07-07-2025"
51.4154472351074,-3.19244980812073,"07-07-2025"
51.4154396057129,-3.19242000579834,"07-07-2025"
51.415470123291,-3.19240999221802,"07-07-2025"
51.4157104492188,-3.19248986244202,"07-07-2025"
51.4157981872559,-3.19256997108459,"07-07-2025"
51.415828704834,-3.19267988204956,"07-07-2025"
51.4157905578613,-3.1928699016571,"07-07-2025"
51.4156303405762,-3.1942298412323,"07-07-2025"
51.4156074523926,-3.19454002380371,"07-07-2025"
51.415657043457,-3.19481992721558,"07-07-2025"
51.4156875610352,-3.1953399181366,"07-07-2025"
51.4158592224121,-3.19587993621826,"07-07-2025"
51.4159698486328,-3.19644999504089,"07-07-2025"
51.4160270690918,-3.19665002822876,"07-07-2025"
51.4161071777344,-3.19675993919373,"07-07-2025"
51.4161682128906,-3.19682002067566,"07-07-2025"
51.4163093566895,-3.19688987731934,"07-07-2025"
51.4166488647461,-3.19713997840881,"07-07-2025"
51.4168090820312,-3.19730997085571,"07-07-2025"
51.4170875549316,-3.19764995574951,"07-07-2025"
51.4171600341797,-3.19771003723145,"07-07-2025"
51.4173202514648,-3.19778990745544,"07-07-2025"
51.4174194335938,-3.19780993461609,"07-07-2025"
51.4175491333008,-3.19781994819641,"07-07-2025"
51.417839050293,-3.19771003723145,"07-07-2025"
51.4182205200195,-3.1976900100708,"07-07-2025"
51.4184684753418,-3.19764995574951,"07-07-2025"
51.4185485839844,-3.19761991500854,"07-07-2025"
51.4186897277832,-3.19749999046326,"07-07-2025"
51.4190788269043,-3.19700002670288,"07-07-2025"
51.419189453125,-3.19693994522095,"07-07-2025"
51.4194869995117,-3.19683980941772,"07-07-2025"
51.4196090698242,-3.19677996635437,"07-07-2025"
51.4197082519531,-3.19668984413147,"07-07-2025"
51.4197998046875,-3.19654989242554,"07-07-2025"
51.4199180603027,-3.19629001617432,"07-07-2025"
51.4201202392578,-3.19595003128052,"07-07-2025"
51.420337677002,-3.19551992416382,"07-07-2025"
51.4204177856445,-3.19525980949402,"07-07-2025"
51.420467376709,-3.1949999332428,"07-07-2025"
51.4204978942871,-3.19430994987488,"07-07-2025"
51.4205474853516,-3.19415998458862,"07-07-2025"
51.420597076416,-3.19408988952637,"07-07-2025"
51.4206771850586,-3.19402003288269,"07-07-2025"
51.4207878112793,-3.19400000572205,"07-07-2025"
51.4210395812988,-3.19403982162476,"07-07-2025"
51.4211769104004,-3.19409990310669,"07-07-2025"
51.4213104248047,-3.19419002532959,"07-07-2025"
51.4214782714844,-3.1943199634552,"07-07-2025"
51.4215202331543,-3.19438982009888,"07-07-2025"
51.4215278625488,-3.1943998336792,"07-07-2025"
51.4214897155762,-3.19441986083984,"07-07-2025"
51.421459197998,-3.19440984725952,"07-07-2025"
51.4214172363281,-3.19437003135681,"07-07-2025"
51.421329498291,-3.19432997703552,"07-07-2025"
51.4212799072266,-3.19427990913391,"07-07-2025"
51.4213371276855,-3.19427990913391,"07-07-2025"
51.4214172363281,-3.19432997703552,"07-07-2025"
51.4214668273926,-3.19443988800049,"07-07-2025"
51.4215469360352,-3.194659948349,"07-07-2025"
51.4217185974121,-3.19489002227783,"07-07-2025"
51.4218368530273,-3.19497990608215,"07-07-2025"
51.421947479248,-3.1949999332428,"07-07-2025"
51.4220504760742,-3.19498991966248,"07-07-2025"
51.4223899841309,-3.194739818573,"07-07-2025"
51.4225273132324,-3.19460988044739,"07-07-2025"
51.4225883483887,-3.19454002380371,"07-07-2025"
51.4226989746094,-3.19432997703552,"07-07-2025"
51.423038482666,-3.19389986991882,"07-07-2025"
51.4231071472168,-3.19373989105225,"07-07-2025"
51.4231071472168,-3.19370985031128,"07-07-2025"
51.4230880737305,-3.1937198638916,"07-07-2025"
51.4230804443359,-3.19369983673096,"07-07-2025"
51.4231185913086,-3.19374990463257,"07-07-2025"
51.4230995178223,-3.19373989105225,"07-07-2025"
51.4230995178223,-3.19374990463257,"07-07-2025"
51.4231300354004,-3.19374990463257,"07-07-2025"
51.4231185913086,-3.1937198638916,"07-07-2025"
51.4231185913086,-3.19372987747192,"07-07-2025"
51.4231300354004,-3.19372987747192,"07-07-2025"
51.4231185913086,-3.19373989105225,"07-07-2025"
51.4231300354004,-3.19370985031128,"07-07-2025"
51.4231071472168,-3.19367980957031,"07-07-2025"
51.4231071472168,-3.19369983673096,"07-07-2025"
51.4230995178223,-3.19369983673096,"07-07-2025"
51.4230995178223,-3.1937198638916,"07-07-2025"
51.4230880737305,-3.19366002082825,"07-07-2025"
51.4230880737305,-3.1937198638916,"07-07-2025"
51.4231185913086,-3.19373989105225,"07-07-2025"
51.4231071472168,-3.19375991821289,"07-07-2025"
51.4230880737305,-3.19375991821289,"07-07-2025"
51.4230995178223,-3.19374990463257,"07-07-2025"
51.4230690002441,-3.1937198638916,"07-07-2025"
51.4230880737305,-3.19369983673096,"07-07-2025"
51.4230995178223,-3.19375991821289,"07-07-2025"
51.4233169555664,-3.19325995445251,"07-07-2025"
51.4234886169434,-3.19304990768433,"07-07-2025"
51.4237670898438,-3.19284987449646,"07-07-2025"
51.423900604248,-3.19279980659485,"07-07-2025"
51.4241600036621,-3.19274997711182,"07-07-2025"
51.4242668151855,-3.19275999069214,"07-07-2025"
51.4243698120117,-3.19272994995117,"07-07-2025"
51.4245491027832,-3.19261002540588,"07-07-2025"
51.4246101379395,-3.19253993034363,"07-07-2025"
51.4247894287109,-3.19225001335144,"07-07-2025"
51.424877166748,-3.19200992584229,"07-07-2025"
51.424919128418,-3.19176983833313,"07-07-2025"
51.4249076843262,-3.19157981872559,"07-07-2025"
51.4248580932617,-3.19135999679565,"07-07-2025"
51.4247970581055,-3.19120001792908,"07-07-2025"
51.4247398376465,-3.19109988212585,"07-07-2025"
51.4246597290039,-3.19099998474121,"07-07-2025"
51.4243698120117,-3.19075989723206,"07-07-2025"
51.4242782592773,-3.19057989120483,"07-07-2025"
51.4242401123047,-3.19041991233826,"07-07-2025"
51.4242477416992,-3.19015002250671,"07-07-2025"
51.4242782592773,-3.18997001647949,"07-07-2025"
51.4243202209473,-3.18990993499756,"07-07-2025"
51.424388885498,-3.18985986709595,"07-07-2025"
51.4244499206543,-3.18984985351562,"07-07-2025"
51.4246368408203,-3.18987989425659,"07-07-2025"
51.4247169494629,-3.18987989425659,"07-07-2025"
51.4249992370605,-3.18979001045227,"07-07-2025"
51.4252586364746,-3.18967986106873,"07-07-2025"
51.4254570007324,-3.18963003158569,"07-07-2025"
51.4256782531738,-3.18954992294312,"07-07-2025"
51.4257392883301,-3.18942999839783,"07-07-2025"
51.4258499145508,-3.18893003463745,"07-07-2025"
51.4258880615234,-3.18843984603882,"07-07-2025"
51.4259376525879,-3.18836998939514,"07-07-2025"
51.4260482788086,-3.1883499622345,"07-07-2025"
51.4265289306641,-3.18836998939514,"07-07-2025"
51.426628112793,-3.18835997581482,"07-07-2025"
51.4269676208496,-3.18840980529785,"07-07-2025"
51.4270095825195,-3.18838000297546,"07-07-2025"
51.4270477294922,-3.18827986717224,"07-07-2025"
51.4271087646484,-3.18787980079651,"07-07-2025"
51.4272499084473,-3.18755984306335,"07-07-2025"
51.4275894165039,-3.18634986877441,"07-07-2025"
51.4277076721191,-3.18601989746094,"07-07-2025"
51.4278869628906,-3.18561983108521,"07-07-2025"
51.428108215332,-3.18491983413696,"07-07-2025"
51.4282569885254,-3.18466997146606,"07-07-2025"
51.4283485412598,-3.1844699382782,"07-07-2025"
51.4283676147461,-3.18439984321594,"07-07-2025"
51.4283676147461,-3.18431997299194,"07-07-2025"
51.4283294677734,-3.18419003486633,"07-07-2025"
51.4282073974609,-3.18393993377686,"07-07-2025"
51.428108215332,-3.18383002281189,"07-07-2025"
51.427848815918,-3.18364000320435,"07-07-2025"
51.4277992248535,-3.18360996246338,"07-07-2025"
51.4277381896973,-3.18359994888306,"07-07-2025"
51.4276275634766,-3.18353986740112,"07-07-2025"
51.4275169372559,-3.18341994285583,"07-07-2025"
51.4274787902832,-3.1833598613739,"07-07-2025"
51.4274597167969,-3.18329000473022,"07-07-2025"
51.427490234375,-3.18308997154236,"07-07-2025"
51.4276275634766,-3.18259000778198,"07-07-2025"
51.4279174804688,-3.1818699836731,"07-07-2025"
51.4280776977539,-3.18155002593994,"07-07-2025"
51.4281883239746,-3.18125987052917,"07-07-2025"
51.4281578063965,-3.18118000030518,"07-07-2025"
51.4281692504883,-3.18121981620789,"07-07-2025"
51.428108215332,-3.18137001991272,"07-07-2025"
51.427848815918,-3.18197989463806,"07-07-2025"
51.4277191162109,-3.18243980407715,"07-07-2025"
51.4275894165039,-3.18281984329224,"07-07-2025"
51.4274291992188,-3.18316984176636,"07-07-2025"
51.4274291992188,-3.18326997756958,"07-07-2025"
51.427490234375,-3.18345999717712,"07-07-2025"
51.4276084899902,-3.18359994888306,"07-07-2025"
51.4277687072754,-3.18371987342834,"07-07-2025"
51.4280891418457,-3.18391990661621,"07-07-2025"
51.4282684326172,-3.18407988548279,"07-07-2025"
51.4284477233887,-3.1842098236084,"07-07-2025"
51.4285697937012,-3.18426990509033,"07-07-2025"
51.4285888671875,-3.1842999458313,"07-07-2025"
51.4285583496094,-3.18434000015259,"07-07-2025"
51.4284973144531,-3.18438982963562,"07-07-2025"
51.4283676147461,-3.18439984321594,"07-07-2025"
51.4283180236816,-3.18443989753723,"07-07-2025"
51.4282493591309,-3.1845498085022,"07-07-2025"
51.4281578063965,-3.18474984169006,"07-07-2025"
51.4280586242676,-3.18502998352051,"07-07-2025"
51.4279174804688,-3.18540000915527,"07-07-2025"
51.4278678894043,-3.18560981750488,"07-07-2025"
51.427806854248,-3.18577980995178,"07-07-2025"
51.4275779724121,-3.18625998497009,"07-07-2025"
51.4274368286133,-3.18669986724854,"07-07-2025"
51.4272499084473,-3.18755984306335,"07-07-2025"
51.4271202087402,-3.18784999847412,"07-07-2025"
51.4270477294922,-3.18831992149353,"07-07-2025"
51.4269905090332,-3.18839001655579,"07-07-2025"
51.426887512207,-3.1884298324585,"07-07-2025"
51.4263305664062,-3.18841981887817,"07-07-2025"
51.4260597229004,-3.18839001655579,"07-07-2025"
51.4259376525879,-3.18839001655579,"07-07-2025"
51.4259071350098,-3.18843984603882,"07-07-2025"
51.4258880615234,-3.1885199546814,"07-07-2025"
51.4257698059082,-3.18930983543396,"07-07-2025"
51.4256896972656,-3.1894998550415,"07-07-2025"
51.425609588623,-3.18955993652344,"07-07-2025"
51.425479888916,-3.18962001800537,"07-07-2025"
51.425048828125,-3.18980002403259,"07-07-2025"
51.4248695373535,-3.18988990783691,"07-07-2025"
51.424690246582,-3.1899299621582,"07-07-2025"
51.4246292114258,-3.18991994857788,"07-07-2025"
51.4245071411133,-3.18985986709595,"07-07-2025"
51.4243698120117,-3.18990993499756,"07-07-2025"
51.4243202209473,-3.18996000289917,"07-07-2025"
51.4242286682129,-3.19033002853394,"07-07-2025"
51.4242286682129,-3.19054985046387,"07-07-2025"
51.4243087768555,-3.19071984291077,"07-07-2025"
51.4243698120117,-3.19073987007141,"07-07-2025"
51.4243583679199,-3.19074988365173,"07-07-2025"
51.4243278503418,-3.19073987007141,"07-07-2025"
51.4243392944336,-3.19073987007141,"07-07-2025"
51.4243469238281,-3.19071984291077,"07-07-2025"
51.4243392944336,-3.19074988365173,"07-07-2025"
51.4242973327637,-3.19075989723206,"07-07-2025"
51.4241371154785,-3.19073987007141,"07-07-2025"
51.4240074157715,-3.19074988365173,"07-07-2025"
51.4239501953125,-3.19073987007141,"07-07-2025"
51.4237785339355,-3.19075989723206,"07-07-2025"
51.4234275817871,-3.19087982177734,"07-07-2025"
51.4230690002441,-3.19091987609863,"07-07-2025"
51.4227981567383,-3.19098997116089,"07-07-2025"
51.4226303100586,-3.19104981422424,"07-07-2025"
51.4224700927734,-3.19113993644714,"07-07-2025"
51.4223175048828,-3.19115996360779,"07-07-2025"
51.4221878051758,-3.19112992286682,"07-07-2025"
51.4220886230469,-3.19108986854553,"07-07-2025"
51.4218673706055,-3.19093990325928,"07-07-2025"
51.4218368530273,-3.19086980819702,"07-07-2025"
51.4218292236328,-3.19084000587463,"07-07-2025"
51.4218482971191,-3.19084000587463,"07-07-2025"
51.4217987060547,-3.1907799243927,"07-07-2025"
51.4217987060547,-3.19073987007141,"07-07-2025"
51.421817779541,-3.19072985649109,"07-07-2025"
51.4217987060547,-3.19072985649109,"07-07-2025"
51.4217872619629,-3.19075989723206,"07-07-2025"
51.4217987060547,-3.19082999229431,"07-07-2025"
51.4219284057617,-3.19107985496521,"07-07-2025"
51.4219970703125,-3.1912899017334,"07-07-2025"
51.4220199584961,-3.19139981269836,"07-07-2025"
51.4220199584961,-3.19159984588623,"07-07-2025"
51.421947479248,-3.19186997413635,"07-07-2025"
51.4219169616699,-3.19191002845764,"07-07-2025"
51.4216995239258,-3.19209980964661,"07-07-2025"
51.4216804504395,-3.19214987754822,"07-07-2025"
51.4216804504395,-3.19225001335144,"07-07-2025"
51.4217185974121,-3.19231986999512,"07-07-2025"
51.4217376708984,-3.19231986999512,"07-07-2025"
51.4217491149902,-3.19236993789673,"07-07-2025"
51.4216690063477,-3.19248986244202,"07-07-2025"
51.4216995239258,-3.19247984886169,"07-07-2025"
51.4217185974121,-3.19250988960266,"07-07-2025"
51.4217300415039,-3.19247984886169,"07-07-2025"
51.4217071533203,-3.19247984886169,"07-07-2025"
51.4217300415039,-3.19250988960266,"07-07-2025"
51.4217071533203,-3.19252991676331,"07-07-2025"
51.4216499328613,-3.19252991676331,"07-07-2025"
51.421558380127,-3.19249987602234,"07-07-2025"
51.4212493896484,-3.19235992431641,"07-07-2025"
51.4208068847656,-3.19207000732422,"07-07-2025"
51.4204177856445,-3.19178986549377,"07-07-2025"
51.4202079772949,-3.19168996810913,"07-07-2025"
51.4200286865234,-3.19157981872559,"07-07-2025"
51.4196586608887,-3.19127988815308,"07-07-2025"
51.419319152832,-3.19107985496521,"07-07-2025"
51.4190101623535,-3.19092988967896,"07-07-2025"
51.4187889099121,-3.19078993797302,"07-07-2025"
51.4186668395996,-3.1906898021698,"07-07-2025"
51.4184303283691,-3.1904399394989,"07-07-2025"
51.4180374145508,-3.19006991386414,"07-07-2025"
51.417610168457,-3.18957996368408,"07-07-2025"
51.4175491333008,-3.18947982788086,"07-07-2025"
51.4175491333008,-3.18944001197815,"07-07-2025"
51.4175796508789,-3.18940997123718,"07-07-2025"
51.4175987243652,-3.18942999839783,"07-07-2025"
51.4175987243652,-3.18945980072021,"07-07-2025"
51.4175987243652,-3.18935990333557,"07-07-2025"
51.4176597595215,-3.18935990333557,"07-07-2025"
51.4176177978516,-3.18940997123718,"07-07-2025"
51.4175300598145,-3.18937993049622,"07-07-2025"
51.4170074462891,-3.18907999992371,"07-07-2025"
51.416748046875,-3.18883991241455,"07-07-2025"
51.4165496826172,-3.1885998249054,"07-07-2025"
51.4165573120117,-3.1885998249054,"07-07-2025"
51.4165496826172,-3.18856000900269,"07-07-2025"
51.4165573120117,-3.18847990036011,"07-07-2025"
51.4168472290039,-3.18773984909058,"07-07-2025"
51.4168586730957,-3.18775987625122,"07-07-2025"
51.416877746582,-3.18771982192993,"07-07-2025"
51.4169273376465,-3.18776988983154,"07-07-2025"
51.416919708252,-3.18770003318787,"07-07-2025"
51.416919708252,-3.18775987625122,"07-07-2025"
51.4168891906738,-3.18779993057251,"07-07-2025"
51.4168968200684,-3.18780994415283,"07-07-2025"
51.4169082641602,-3.18777990341187,"07-07-2025"
51.416877746582,-3.18777990341187,"07-07-2025"
51.4169082641602,-3.18765997886658,"07-07-2025"
51.4169387817383,-3.18747997283936,"07-07-2025"
51.4169692993164,-3.18738985061646,"07-07-2025"
51.4169998168945,-3.18735980987549,"07-07-2025"
51.4170074462891,-3.18736982345581,"07-07-2025"
51.4170379638672,-3.18730998039246,"07-07-2025"
51.4170684814453,-3.18728995323181,"07-07-2025"
51.4170799255371,-3.18735003471375,"07-07-2025"
51.4170799255371,-3.18731999397278,"07-07-2025"
51.4170379638672,-3.18731999397278,"07-07-2025"
51.4170303344727,-3.18729996681213,"07-07-2025"
51.417049407959,-3.18731999397278,"07-07-2025"
51.4170379638672,-3.18730998039246,"07-07-2025"
51.4170303344727,-3.18731999397278,"07-07-2025"
51.417049407959,-3.18734002113342,"07-07-2025"
51.417049407959,-3.18728995323181,"07-07-2025"
51.4170570373535,-3.1873300075531,"07-07-2025"
51.417049407959,-3.18735003471375,"07-07-2025"
51.4170570373535,-3.1873300075531,"07-07-2025"
51.4170379638672,-3.18731999397278,"07-07-2025"
51.417049407959,-3.18727993965149,"07-07-2025"
51.4169998168945,-3.18730998039246,"07-07-2025"
51.4169502258301,-3.1874098777771,"07-07-2025"
51.4168395996094,-3.1878399848938,"07-07-2025"
51.4166984558105,-3.18830990791321,"07-07-2025"
51.4165573120117,-3.18850994110107,"07-07-2025"
51.4165077209473,-3.1885199546814,"07-07-2025"
51.4164276123047,-3.1885199546814,"07-07-2025"
51.4162673950195,-3.18840003013611,"07-07-2025"
51.4159698486328,-3.18805003166199,"07-07-2025"
51.415657043457,-3.18776988983154,"07-07-2025"
51.4153099060059,-3.18736982345581,"07-07-2025"
51.4150505065918,-3.18711996078491,"07-07-2025"
51.4147987365723,-3.18687987327576,"07-07-2025"
51.4145469665527,-3.18670988082886,"07-07-2025"
51.4143905639648,-3.18654990196228,"07-07-2025"
51.4141387939453,-3.18622994422913,"07-07-2025"
51.4140396118164,-3.18617987632751,"07-07-2025"
51.4139595031738,-3.18618988990784,"07-07-2025"
51.4138679504395,-3.18623995780945,"07-07-2025"
51.4137573242188,-3.18635988235474,"07-07-2025"
51.4137077331543,-3.18646001815796,"07-07-2025"
51.4136085510254,-3.18683981895447,"07-07-2025"
51.4135475158691,-3.18717980384827,"07-07-2025"
51.4134979248047,-3.18759989738464,"07-07-2025"
51.4135093688965,-3.18794989585876,"07-07-2025"
51.413459777832,-3.1884298324585,"07-07-2025"
51.4134368896484,-3.18905997276306,"07-07-2025"
51.4134674072266,-3.18928003311157,"07-07-2025"
51.4135398864746,-3.18952989578247,"07-07-2025"
51.4136390686035,-3.19012999534607,"07-07-2025"
51.4138069152832,-3.19064998626709,"07-07-2025"
51.4138984680176,-3.19113993644714,"07-07-2025"
51.4139404296875,-3.19125986099243,"07-07-2025"
51.4140281677246,-3.19137001037598,"07-07-2025"
51.4143905639648,-3.19168996810913,"07-07-2025"
51.4145202636719,-3.19183993339539,"07-07-2025"
51.4147872924805,-3.19208002090454,"07-07-2025"
51.4148902893066,-3.19219994544983,"07-07-2025"
51.4149894714355,-3.19244980812073,"07-07-2025"
51.4150581359863,-3.19250988960266,"07-07-2025"
51.4151573181152,-3.19254994392395,"07-07-2025"
51.4152297973633,-3.19254994392395,"07-07-2025"
51.4153480529785,-3.19247984886169,"07-07-2025"
51.415470123291,-3.19246983528137,"07-07-2025"
51.4154396057129,-3.19247984886169,"07-07-2025"
51.4154396057129,-3.19245982170105,"07-07-2025"
51.4154281616211,-3.19246983528137,"07-07-2025"
51.4154472351074,-3.19244980812073,"07-07-2025"
51.4154396057129,-3.19242000579834,"07-07-2025"
51.415470123291,-3.19240999221802,"07-07-2025"
51.4157104492188,-3.19248986244202,"07-07-2025"
51.4157981872559,-3.19256997108459,"07-07-2025"
51.415828704834,-3.19267988204956,"07-07-2025"
51.4157905578613,-3.1928699016571,"07-07-2025"
51.4156303405762,-3.1942298412323,"07-07-2025"
51.4156074523926,-3.19454002380371,"07-07-2025"
51.415657043457,-3.19481992721558,"07-07-2025"
51.4156875610352,-3.1953399181366,"07-07-2025"
51.4158592224121,-3.19587993621826,"07-07-2025"
51.4159698486328,-3.19644999504089,"07-07-2025"
51.4160270690918,-3.19665002822876,"07-07-2025"
51.4161071777344,-3.19675993919373,"07-07-2025"
51.4161682128906,-3.19682002067566,"07-07-2025"
51.4163093566895,-3.19688987731934,"07-07-2025"
51.4166488647461,-3.19713997840881,"07-07-2025"
51.4168090820312,-3.19730997085571,"07-07-2025"
51.4170875549316,-3.19764995574951,"07-07-2025"
51.4171600341797,-3.19771003723145,"07-07-2025"
51.4173202514648,-3.19778990745544,"07-07-2025"
51.4174194335938,-3.19780993461609,"07-07-2025"
51.4175491333008,-3.19781994819641,"07-07-2025"
51.417839050293,-3.19771003723145,"07-07-2025"
51.4182205200195,-3.1976900100708,"07-07-2025"
51.4184684753418,-3.19764995574951,"07-07-2025"
51.4185485839844,-3.19761991500854,"07-07-2025"
51.4186897277832,-3.19749999046326,"07-07-2025"
51.4190788269043,-3.19700002670288,"07-07-2025"
51.419189453125,-3.19693994522095,"07-07-2025"
51.4194869995117,-3.19683980941772,"07-07-2025"
51.4196090698242,-3.19677996635437,"07-07-2025"
51.4197082519531,-3.19668984413147,"07-07-2025"
51.4197998046875,-3.19654989242554,"07-07-2025"
51.4199180603027,-3.19629001617432,"07-07-2025"
51.4201202392578,-3.19595003128052,"07-07-2025"
51.420337677002,-3.19551992416382,"07-07-2025"
51.4204177856445,-3.19525980949402,"07-07-2025"
51.420467376709,-3.1949999332428,"07-07-2025"
51.4204978942871,-3.19430994987488,"07-07-2025"
51.4205474853516,-3.19415998458862,"07-07-2025"
51.420597076416,-3.19408988952637,"07-07-2025"
51.4206771850586,-3.19402003288269,"07-07-2025"
51.4207878112793,-3.19400000572205,"07-07-2025"
51.4210395812988,-3.19403982162476,"07-07-2025"
51.4211769104004,-3.19409990310669,"07-07-2025"
51.4213104248047,-3.19419002532959,"07-07-2025"
51.4214782714844,-3.1943199634552,"07-07-2025"
51.4215202331543,-3.19438982009888,"07-07-2025"
51.4215278625488,-3.1943998336792,"07-07-2025"
51.4214897155762,-3.19441986083984,"07-07-2025"
51.421459197998,-3.19440984725952,"07-07-2025"
51.4214172363281,-3.19437003135681,"07-07-2025"
51.421329498291,-3.19432997703552,"07-07-2025"
51.4212799072266,-3.19427990913391,"07-07-2025"
51.4213371276855,-3.19427990913391,"07-07-2025"
51.4214172363281,-3.19432997703552,"07-07-2025"
51.4214668273926,-3.19443988800049,"07-07-2025"
51.4215469360352,-3.194659948349,"07-07-2025"
51.4217185974121,-3.19489002227783,"07-07-2025"
51.4218368530273,-3.19497990608215,"07-07-2025"
51.421947479248,-3.1949999332428,"07-07-2025"
51.4220504760742,-3.19498991966248,"07-07-2025"
51.4223899841309,-3.194739818573,"07-07-2025"
51.4225273132324,-3.19460988044739,"07-07-2025"
51.4225883483887,-3.19454002380371,"07-07-2025"
51.4226989746094,-3.19432997703552,"07-07-2025"
51.423038482666,-3.19389986991882,"07-07-2025"
51.4231071472168,-3.19373989105225,"07-07-2025"
51.4231071472168,-3.19370985031128,"07-07-2025"
51.4230880737305,-3.1937198638916,"07-07-2025"
51.4230804443359,-3.19369983673096,"07-07-2025"
51.4231185913086,-3.19374990463257,"07-07-2025"
51.4230995178223,-3.19373989105225,"07-07-2025"
51.4230995178223,-3.19374990463257,"07-07-2025"
51.4231300354004,-3.19374990463257,"07-07-2025"
51.4231185913086,-3.1937198638916,"07-07-2025"
51.4231185913086,-3.19372987747192,"07-07-2025"
51.4231300354004,-3.19372987747192,"07-07-2025"
51.4231185913086,-3.19373989105225,"07-07-2025"
51.4231300354004,-3.19370985031128,"07-07-2025"
51.4231071472168,-3.19367980957031,"07-07-2025"
51.4231071472168,-3.19369983673096,"07-07-2025"
51.4230995178223,-3.19369983673096,"07-07-2025"
51.4230995178223,-3.1937198638916,"07-07-2025"
51.4230880737305,-3.19366002082825,"07-07-2025"
51.4230880737305,-3.1937198638916,"07-07-2025"
51.4231185913086,-3.19373989105225,"07-07-2025"
51.4231071472168,-3.19375991821289,"07-07-2025"
51.4230880737305,-3.19375991821289,"07-07-2025"
51.4230995178223,-3.19374990463257,"07-07-2025"
51.4230690002441,-3.1937198638916,"07-07-2025"
51.4230880737305,-3.19369983673096,"07-07-2025"
51.4230995178223,-3.19375991821289,"07-07-2025"
51.4233169555664,-3.19325995445251,"07-07-2025"
51.4234886169434,-3.19304990768433,"07-07-2025"
51.4237670898438,-3.19284987449646,"07-07-2025"
51.423900604248,-3.19279980659485,"07-07-2025"
51.4241600036621,-3.19274997711182,"07-07-2025"
51.4242668151855,-3.19275999069214,"07-07-2025"
51.4243698120117,-3.19272994995117,"07-07-2025"
51.4245491027832,-3.19261002540588,"07-07-2025"
51.4246101379395,-3.19253993034363,"07-07-2025"
51.4247894287109,-3.19225001335144,"07-07-2025"
51.424877166748,-3.19200992584229,"07-07-2025"
51.424919128418,-3.19176983833313,"07-07-2025"
51.4249076843262,-3.19157981872559,"07-07-2025"
51.4248580932617,-3.19135999679565,"07-07-2025"
51.4247970581055,-3.19120001792908,"07-07-2025"
51.4247398376465,-3.19109988212585,"07-07-2025"
51.4246597290039,-3.19099998474121,"07-07-2025"
51.4243698120117,-3.19075989723206,"07-07-2025"
51.4242782592773,-3.19057989120483,"07-07-2025"
51.4242401123047,-3.19041991233826,"07-07-2025"
51.4242477416992,-3.19015002250671,"07-07-2025"
51.4242782592773,-3.18997001647949,"07-07-2025"
51.4243202209473,-3.18990993499756,"07-07-2025"
51.424388885498,-3.18985986709595,"07-07-2025"
51.4244499206543,-3.18984985351562,"07-07-2025"
51.4246368408203,-3.18987989425659,"07-07-2025"
51.4247169494629,-3.18987989425659,"07-07-2025"
51.4249992370605,-3.18979001045227,"07-07-2025"
51.4252586364746,-3.18967986106873,"07-07-2025"
51.4254570007324,-3.18963003158569,"07-07-2025"
51.4256782531738,-3.18954992294312,"07-07-2025"
51.4257392883301,-3.18942999839783,"07-07-2025"
51.4258499145508,-3.18893003463745,"07-07-2025"
51.4258880615234,-3.18843984603882,"07-07-2025"
51.4259376525879,-3.18836998939514,"07-07-2025"
51.4260482788086,-3.1883499622345,"07-07-2025"
51.4265289306641,-3.18836998939514,"07-07-2025"
51.426628112793,-3.18835997581482,"07-07-2025"
51.4269676208496,-3.18840980529785,"07-07-2025"
51.4270095825195,-3.18838000297546,"07-07-2025"
51.4270477294922,-3.18827986717224,"07-07-2025"
51.4271087646484,-3.18787980079651,"07-07-2025"
51.4272499084473,-3.18755984306335,"07-07-2025"
51.4275894165039,-3.18634986877441,"07-07-2025"
51.4277076721191,-3.18601989746094,"07-07-2025"
51.4278869628906,-3.18561983108521,"07-07-2025"
51.428108215332,-3.18491983413696,"07-07-2025"
51.4282569885254,-3.18466997146606,"07-07-2025"
51.4283485412598,-3.1844699382782,"07-07-2025"
51.4283676147461,-3.18439984321594,"07-07-2025"
51.4283676147461,-3.18431997299194,"07-07-2025"
51.4283294677734,-3.18419003486633,"07-07-2025"
51.4282073974609,-3.18393993377686,"07-07-2025"
51.428108215332,-3.18383002281189,"07-07-2025"
51.427848815918,-3.18364000320435,"07-07-2025"
51.4277992248535,-3.18360996246338,"07-07-2025"
51.4277381896973,-3.18359994888306,"07-07-2025"
51.4276275634766,-3.18353986740112,"07-07-2025"
51.4275169372559,-3.18341994285583,"07-07-2025"
51.4274787902832,-3.1833598613739,"07-07-2025"
51.4274597167969,-3.18329000473022,"07-07-2025"
51.427490234375,-3.18308997154236,"07-07-2025"
51.4276275634766,-3.18259000778198,"07-07-2025"
51.4279174804688,-3.1818699836731,"07-07-2025"
51.4280776977539,-3.18155002593994,"07-07-2025"
51.4281883239746,-3.18125987052917,"07-07-2025"
51.4437370300293,-3.1702299118042,"04-07-2025"
51.4435386657715,-3.17171001434326,"04-07-2025"
51.4435005187988,-3.17236995697021,"04-07-2025"
51.4434471130371,-3.17269992828369,"04-07-2025"
51.4434394836426,-3.1729199886322,"04-07-2025"
51.443489074707,-3.17339992523193,"04-07-2025"
51.4435005187988,-3.17365002632141,"04-07-2025"
51.4434394836426,-3.17442989349365,"04-07-2025"
51.4433670043945,-3.17474985122681,"04-07-2025"
51.4433898925781,-3.17483997344971,"04-07-2025"
51.4433784484863,-3.17509984970093,"04-07-2025"
51.4433479309082,-3.17528986930847,"04-07-2025"
51.4432487487793,-3.17565989494324,"04-07-2025"
51.4431381225586,-3.17595982551575,"04-07-2025"
51.4431304931641,-3.17606997489929,"04-07-2025"
51.4431686401367,-3.17659997940063,"04-07-2025"
51.4431571960449,-3.17699003219604,"04-07-2025"
51.4431686401367,-3.1773099899292,"04-07-2025"
51.443229675293,-3.17760992050171,"04-07-2025"
51.443286895752,-3.17778992652893,"04-07-2025"
51.4433174133301,-3.1780698299408,"04-07-2025"
51.443359375,-3.17816996574402,"04-07-2025"
51.4434394836426,-3.17824983596802,"04-07-2025"
51.4435195922852,-3.17826986312866,"04-07-2025"
51.4436683654785,-3.17826986312866,"04-07-2025"
51.4436988830566,-3.17828989028931,"04-07-2025"
51.443717956543,-3.17833995819092,"04-07-2025"
51.4436798095703,-3.17843985557556,"04-07-2025"
51.4435691833496,-3.17852997779846,"04-07-2025"
51.4435081481934,-3.17860984802246,"04-07-2025"
51.4434394836426,-3.17875003814697,"04-07-2025"
51.4434089660645,-3.17884993553162,"04-07-2025"
51.4434280395508,-3.17902994155884,"04-07-2025"
51.4433975219727,-3.17910981178284,"04-07-2025"
51.4435768127441,-3.17875003814697,"04-07-2025"
51.4436073303223,-3.17871999740601,"04-07-2025"
51.4436569213867,-3.17870998382568,"04-07-2025"
51.4436988830566,-3.17875003814697,"04-07-2025"
51.4437294006348,-3.17882990837097,"04-07-2025"
51.4436683654785,-3.1790599822998,"04-07-2025"
51.4436569213867,-3.17919993400574,"04-07-2025"
51.4436798095703,-3.17940998077393,"04-07-2025"
51.4436988830566,-3.17948985099792,"04-07-2025"
51.4437294006348,-3.17953991889954,"04-07-2025"
51.4437980651855,-3.17951989173889,"04-07-2025"
51.4438095092773,-3.1794798374176,"04-07-2025"
51.4438285827637,-3.17915987968445,"04-07-2025"
51.4438591003418,-3.17909002304077,"04-07-2025"
51.4439086914062,-3.17904996871948,"04-07-2025"
51.4439392089844,-3.17908000946045,"04-07-2025"
51.4439468383789,-3.17925000190735,"04-07-2025"
51.4439392089844,-3.17936992645264,"04-07-2025"
51.4439697265625,-3.17946982383728,"04-07-2025"
51.4440078735352,-3.17949986457825,"04-07-2025"
51.4440574645996,-3.1794798374176,"04-07-2025"
51.4441070556641,-3.17934989929199,"04-07-2025"
51.4441604614258,-3.17935991287231,"04-07-2025"
51.4441795349121,-3.17938995361328,"04-07-2025"
51.4443092346191,-3.17972993850708,"04-07-2025"
51.4443588256836,-3.1800799369812,"04-07-2025"
51.4443969726562,-3.18069982528687,"04-07-2025"
51.4443969726562,-3.18095993995667,"04-07-2025"
51.4444389343262,-3.18120002746582,"04-07-2025"
51.4444694519043,-3.18165993690491,"04-07-2025"
51.444709777832,-3.1825098991394,"04-07-2025"
51.4448204040527,-3.18272995948792,"04-07-2025"
51.4450073242188,-3.18300986289978,"04-07-2025"
51.4451789855957,-3.18336987495422,"04-07-2025"
51.4456100463867,-3.18442988395691,"04-07-2025"
51.4456901550293,-3.18458986282349,"04-07-2025"
51.445930480957,-3.1849799156189,"04-07-2025"
51.4460868835449,-3.18536996841431,"04-07-2025"
51.4461975097656,-3.18552994728088,"04-07-2025"
51.4463005065918,-3.1855800151825,"04-07-2025"
51.4463882446289,-3.18557000160217,"04-07-2025"
51.4464988708496,-3.18548989295959,"04-07-2025"
51.4466171264648,-3.18553996086121,"04-07-2025"
51.4466781616211,-3.18567991256714,"04-07-2025"
51.4467697143555,-3.1860499382019,"04-07-2025"
51.4468078613281,-3.18629002571106,"04-07-2025"
51.4468688964844,-3.18641996383667,"04-07-2025"
51.446907043457,-3.18647003173828,"04-07-2025"
51.4469604492188,-3.18650984764099,"04-07-2025"
51.4470100402832,-3.18651986122131,"04-07-2025"
51.4471778869629,-3.18640995025635,"04-07-2025"
51.447338104248,-3.18626999855042,"04-07-2025"
51.4478073120117,-3.18594980239868,"04-07-2025"
51.4480171203613,-3.18576002120972,"04-07-2025"
51.4482002258301,-3.18557000160217,"04-07-2025"
51.4485778808594,-3.1853199005127,"04-07-2025"
51.4486503601074,-3.18528985977173,"04-07-2025"
51.4486999511719,-3.1853199005127,"04-07-2025"
51.4488983154297,-3.18555998802185,"04-07-2025"
51.4490699768066,-3.185879945755,"04-07-2025"
51.4493789672852,-3.1867299079895,"04-07-2025"
51.4496803283691,-3.18727993965149,"04-07-2025"
51.4498176574707,-3.18747997283936,"04-07-2025"
51.4501304626465,-3.18787002563477,"04-07-2025"
51.450267791748,-3.18801999092102,"04-07-2025"
51.450309753418,-3.18809986114502,"04-07-2025"
51.4504089355469,-3.18819999694824,"04-07-2025"
51.4504699707031,-3.18823981285095,"04-07-2025"
51.4505386352539,-3.18823981285095,"04-07-2025"
51.450569152832,-3.18821001052856,"04-07-2025"
51.4506378173828,-3.1881799697876,"04-07-2025"
51.4508895874023,-3.18796992301941,"04-07-2025"
51.4511795043945,-3.18775987625122,"04-07-2025"
51.4515686035156,-3.18756985664368,"04-07-2025"
51.4519004821777,-3.18734002113342,"04-07-2025"
51.4519577026367,-3.18727993965149,"04-07-2025"
51.4521484375,-3.18715000152588,"04-07-2025"
51.4522476196289,-3.18710994720459,"04-07-2025"
51.4524002075195,-3.18731999397278,"04-07-2025"
51.4524688720703,-3.18748998641968,"04-07-2025"
51.4524993896484,-3.18760991096497,"04-07-2025"
51.4525299072266,-3.18779993057251,"04-07-2025"
51.4525375366211,-3.18805980682373,"04-07-2025"
51.4525299072266,-3.18863987922668,"04-07-2025"
51.4525375366211,-3.18882989883423,"04-07-2025"
51.4526290893555,-3.18926000595093,"04-07-2025"
51.4527282714844,-3.18950986862183,"04-07-2025"
51.4530181884766,-3.19008994102478,"04-07-2025"
51.4532203674316,-3.19042992591858,"04-07-2025"
51.453369140625,-3.19075989723206,"04-07-2025"
51.4535179138184,-3.19102001190186,"04-07-2025"
51.4535980224609,-3.1911199092865,"04-07-2025"
51.4536781311035,-3.19117999076843,"04-07-2025"
51.453929901123,-3.1912899017334,"04-07-2025"
51.4540786743164,-3.1913800239563,"04-07-2025"
51.4540901184082,-3.19139003753662,"04-07-2025"
51.4540481567383,-3.19163990020752,"04-07-2025"
51.4540481567383,-3.1917200088501,"04-07-2025"
51.4542198181152,-3.19184994697571,"04-07-2025"
51.4542503356934,-3.19194984436035,"04-07-2025"
51.4544486999512,-3.19237995147705,"04-07-2025"
51.4544868469238,-3.19244003295898,"04-07-2025"
51.4547996520996,-3.19274997711182,"04-07-2025"
51.4550704956055,-3.19299983978271,"04-07-2025"
51.455249786377,-3.1931300163269,"04-07-2025"
51.4554672241211,-3.19323992729187,"04-07-2025"
51.4555969238281,-3.19325995445251,"04-07-2025"
51.4557876586914,-3.19323992729187,"04-07-2025"
51.4558982849121,-3.19317984580994,"04-07-2025"
51.4561500549316,-3.19296002388,"04-07-2025"
51.4564399719238,-3.19279003143311,"04-07-2025"
51.4566268920898,-3.19270992279053,"04-07-2025"
51.4569892883301,-3.19264984130859,"04-07-2025"
51.4570999145508,-3.19260001182556,"04-07-2025"
51.4571380615234,-3.19254994392395,"04-07-2025"
51.4572105407715,-3.19251990318298,"04-07-2025"
51.4572792053223,-3.19252991676331,"04-07-2025"
51.4575996398926,-3.19267988204956,"04-07-2025"
51.457649230957,-3.19271993637085,"04-07-2025"
51.4580192565918,-3.19293999671936,"04-07-2025"
51.4581069946289,-3.19305992126465,"04-07-2025"
51.4581604003906,-3.19318985939026,"04-07-2025"
51.4582176208496,-3.19366002082825,"04-07-2025"
51.4582405090332,-3.19416999816895,"04-07-2025"
51.4584083557129,-3.19505000114441,"04-07-2025"
51.458438873291,-3.19547986984253,"04-07-2025"
51.458438873291,-3.19613981246948,"04-07-2025"
51.4584083557129,-3.19653987884521,"04-07-2025"
51.4582786560059,-3.19700980186462,"04-07-2025"
51.4582481384277,-3.19727993011475,"04-07-2025"
51.4582672119141,-3.197429895401,"04-07-2025"
51.4583778381348,-3.19775986671448,"04-07-2025"
51.4583969116211,-3.19787001609802,"04-07-2025"
51.4583892822266,-3.19792985916138,"04-07-2025"
51.4582977294922,-3.19804000854492,"04-07-2025"
51.4580268859863,-3.19822001457214,"04-07-2025"
51.457950592041,-3.19823980331421,"04-07-2025"
51.4578704833984,-3.19826984405518,"04-07-2025"
51.4577598571777,-3.19837999343872,"04-07-2025"
51.4576988220215,-3.19845986366272,"04-07-2025"
51.4574699401855,-3.19865989685059,"04-07-2025"
51.4570388793945,-3.19896984100342,"04-07-2025"
51.4566802978516,-3.19916987419128,"04-07-2025"
51.4564590454102,-3.19925999641418,"04-07-2025"
51.4562873840332,-3.19930982589722,"04-07-2025"
51.4560279846191,-3.19932985305786,"04-07-2025"
51.4558792114258,-3.19929003715515,"04-07-2025"
51.4557800292969,-3.19928002357483,"04-07-2025"
51.4555473327637,-3.19918990135193,"04-07-2025"
51.4554100036621,-3.19911003112793,"04-07-2025"
51.4550094604492,-3.1987898349762,"04-07-2025"
51.4546203613281,-3.19828987121582,"04-07-2025"
51.4541969299316,-3.19782996177673,"04-07-2025"
51.4540901184082,-3.19757986068726,"04-07-2025"
51.4540405273438,-3.19736981391907,"04-07-2025"
51.4539680480957,-3.19727993011475,"04-07-2025"
51.4538497924805,-3.19726991653442,"04-07-2025"
51.4537582397461,-3.19730997085571,"04-07-2025"
51.4537582397461,-3.19731998443604,"04-07-2025"
51.4537773132324,-3.19730997085571,"04-07-2025"
51.4537696838379,-3.197429895401,"04-07-2025"
51.4536972045898,-3.19751000404358,"04-07-2025"
51.4536285400391,-3.19748997688293,"04-07-2025"
51.4534378051758,-3.19730997085571,"04-07-2025"
51.4530982971191,-3.19684982299805,"04-07-2025"
51.4528388977051,-3.19655990600586,"04-07-2025"
51.4523773193359,-3.19596982002258,"04-07-2025"
51.4516181945801,-3.19472002983093,"04-07-2025"
51.4515571594238,-3.19450998306274,"04-07-2025"
51.4514083862305,-3.19419002532959,"04-07-2025"
51.4512786865234,-3.19392991065979,"04-07-2025"
51.4510192871094,-3.19349980354309,"04-07-2025"
51.4508399963379,-3.19315981864929,"04-07-2025"
51.4507675170898,-3.19297981262207,"04-07-2025"
51.4504776000977,-3.19245982170105,"04-07-2025"
51.4502105712891,-3.19208002090454,"04-07-2025"
51.4500389099121,-3.19186997413635,"04-07-2025"
51.4497184753418,-3.19154000282288,"04-07-2025"
51.4494285583496,-3.19117999076843,"04-07-2025"
51.4489784240723,-3.19071984291077,"04-07-2025"
51.448917388916,-3.1906898021698,"04-07-2025"
51.448860168457,-3.19069981575012,"04-07-2025"
51.4487075805664,-3.19067001342773,"04-07-2025"
51.4484596252441,-3.19068002700806,"04-07-2025"
51.4482269287109,-3.19057989120483,"04-07-2025"
51.448169708252,-3.19059991836548,"04-07-2025"
51.4479179382324,-3.19061994552612,"04-07-2025"
51.4478569030762,-3.19047999382019,"04-07-2025"
51.4477386474609,-3.19044995307922,"04-07-2025"
51.4476203918457,-3.19035983085632,"04-07-2025"
51.4475784301758,-3.19035983085632,"04-07-2025"
51.4474678039551,-3.19027996063232,"04-07-2025"
51.4474296569824,-3.19021987915039,"04-07-2025"
51.447338104248,-3.18998980522156,"04-07-2025"
51.4470176696777,-3.18953990936279,"04-07-2025"
51.4469184875488,-3.18937993049622,"04-07-2025"
51.4466781616211,-3.18883991241455,"04-07-2025"
51.4465675354004,-3.18866991996765,"04-07-2025"
51.4466781616211,-3.18850994110107,"04-07-2025"
51.4467697143555,-3.18830990791321,"04-07-2025"
51.4468574523926,-3.1878399848938,"04-07-2025"
51.4469299316406,-3.18769001960754,"04-07-2025"
51.4469871520996,-3.1876699924469,"04-07-2025"
51.4470481872559,-3.18770003318787,"04-07-2025"
51.4471473693848,-3.18780994415283,"04-07-2025"
51.4472999572754,-3.1880898475647,"04-07-2025"
51.4473571777344,-3.18816995620728,"04-07-2025"
51.4477996826172,-3.18856000900269,"04-07-2025"
51.4479293823242,-3.18864989280701,"04-07-2025"
51.4481201171875,-3.18870997428894,"04-07-2025"
51.4482192993164,-3.18864989280701,"04-07-2025"
51.4482803344727,-3.18849992752075,"04-07-2025"
51.4483070373535,-3.18838000297546,"04-07-2025"
51.4482879638672,-3.18829989433289,"04-07-2025"
51.4482383728027,-3.18819999694824,"04-07-2025"
51.4480972290039,-3.18801999092102,"04-07-2025"
51.4479484558105,-3.18779993057251,"04-07-2025"
51.447868347168,-3.18754982948303,"04-07-2025"
51.4477577209473,-3.18735003471375,"04-07-2025"
51.447437286377,-3.18693995475769,"04-07-2025"
51.447380065918,-3.18687987327576,"04-07-2025"
51.4471969604492,-3.18681001663208,"04-07-2025"
51.4471473693848,-3.1867299079895,"04-07-2025"
51.447078704834,-3.18652987480164,"04-07-2025"
51.4469604492188,-3.185959815979,"04-07-2025"
51.4468078613281,-3.18545985221863,"04-07-2025"
51.4467468261719,-3.18487000465393,"04-07-2025"
51.446647644043,-3.18449997901917,"04-07-2025"
51.4465675354004,-3.18415999412537,"04-07-2025"
51.4465293884277,-3.18405985832214,"04-07-2025"
51.4464797973633,-3.18353986740112,"04-07-2025"
51.446418762207,-3.18331003189087,"04-07-2025"
51.4463996887207,-3.18296003341675,"04-07-2025"
51.4463691711426,-3.18288993835449,"04-07-2025"
51.4463195800781,-3.1828498840332,"04-07-2025"
51.4462394714355,-3.18280982971191,"04-07-2025"
51.446159362793,-3.18282985687256,"04-07-2025"
51.4460105895996,-3.18289995193481,"04-07-2025"
51.4457473754883,-3.18305993080139,"04-07-2025"
51.4456901550293,-3.18312001228333,"04-07-2025"
51.4454383850098,-3.18342995643616,"04-07-2025"
51.4454002380371,-3.1836199760437,"04-07-2025"
51.4454193115234,-3.18385982513428,"04-07-2025"
51.4454879760742,-3.1841299533844,"04-07-2025"
51.4457473754883,-3.18481993675232,"04-07-2025"
51.4458389282227,-3.18520998954773,"04-07-2025"
51.4460105895996,-3.18557000160217,"04-07-2025"
51.4437370300293,-3.1702299118042,"04-07-2025"
51.4435386657715,-3.17171001434326,"04-07-2025"
51.4435005187988,-3.17236995697021,"04-07-2025"
51.4434471130371,-3.17269992828369,"04-07-2025"
51.4434394836426,-3.1729199886322,"04-07-2025"
51.443489074707,-3.17339992523193,"04-07-2025"
51.4435005187988,-3.17365002632141,"04-07-2025"
51.4434394836426,-3.17442989349365,"04-07-2025"
51.4433670043945,-3.17474985122681,"04-07-2025"
51.4433898925781,-3.17483997344971,"04-07-2025"
51.4433784484863,-3.17509984970093,"04-07-2025"
51.4433479309082,-3.17528986930847,"04-07-2025"
51.4432487487793,-3.17565989494324,"04-07-2025"
51.4431381225586,-3.17595982551575,"04-07-2025"
51.4431304931641,-3.17606997489929,"04-07-2025"
51.4431686401367,-3.17659997940063,"04-07-2025"
51.4431571960449,-3.17699003219604,"04-07-2025"
51.4431686401367,-3.1773099899292,"04-07-2025"
51.443229675293,-3.17760992050171,"04-07-2025"
51.443286895752,-3.17778992652893,"04-07-2025"
51.4433174133301,-3.1780698299408,"04-07-2025"
51.443359375,-3.17816996574402,"04-07-2025"
51.4434394836426,-3.17824983596802,"04-07-2025"
51.4435195922852,-3.17826986312866,"04-07-2025"
51.4436683654785,-3.17826986312866,"04-07-2025"
51.4436988830566,-3.17828989028931,"04-07-2025"
51.443717956543,-3.17833995819092,"04-07-2025"
51.4436798095703,-3.17843985557556,"04-07-2025"
51.4435691833496,-3.17852997779846,"04-07-2025"
51.4435081481934,-3.17860984802246,"04-07-2025"
51.4434394836426,-3.17875003814697,"04-07-2025"
51.4434089660645,-3.17884993553162,"04-07-2025"
51.4434280395508,-3.17902994155884,"04-07-2025"
51.4433975219727,-3.17910981178284,"04-07-2025"
51.4435768127441,-3.17875003814697,"04-07-2025"
51.4436073303223,-3.17871999740601,"04-07-2025"
51.4436569213867,-3.17870998382568,"04-07-2025"
51.4436988830566,-3.17875003814697,"04-07-2025"
51.4437294006348,-3.17882990837097,"04-07-2025"
51.4436683654785,-3.1790599822998,"04-07-2025"
51.4436569213867,-3.17919993400574,"04-07-2025"
51.4436798095703,-3.17940998077393,"04-07-2025"
51.4436988830566,-3.17948985099792,"04-07-2025"
51.4437294006348,-3.17953991889954,"04-07-2025"
51.4437980651855,-3.17951989173889,"04-07-2025"
51.4438095092773,-3.1794798374176,"04-07-2025"
51.4438285827637,-3.17915987968445,"04-07-2025"
51.4438591003418,-3.17909002304077,"04-07-2025"
51.4439086914062,-3.17904996871948,"04-07-2025"
51.4439392089844,-3.17908000946045,"04-07-2025"
51.4439468383789,-3.17925000190735,"04-07-2025"
51.4439392089844,-3.17936992645264,"04-07-2025"
51.4439697265625,-3.17946982383728,"04-07-2025"
51.4440078735352,-3.17949986457825,"04-07-2025"
51.4440574645996,-3.1794798374176,"04-07-2025"
51.4441070556641,-3.17934989929199,"04-07-2025"
51.4441604614258,-3.17935991287231,"04-07-2025"
51.4441795349121,-3.17938995361328,"04-07-2025"
51.4443092346191,-3.17972993850708,"04-07-2025"
51.4443588256836,-3.1800799369812,"04-07-2025"
51.4443969726562,-3.18069982528687,"04-07-2025"
51.4443969726562,-3.18095993995667,"04-07-2025"
51.4444389343262,-3.18120002746582,"04-07-2025"
51.4444694519043,-3.18165993690491,"04-07-2025"
51.444709777832,-3.1825098991394,"04-07-2025"
51.4448204040527,-3.18272995948792,"04-07-2025"
51.4450073242188,-3.18300986289978,"04-07-2025"
51.4451789855957,-3.18336987495422,"04-07-2025"
51.4456100463867,-3.18442988395691,"04-07-2025"
51.4456901550293,-3.18458986282349,"04-07-2025"
51.445930480957,-3.1849799156189,"04-07-2025"
51.4460868835449,-3.18536996841431,"04-07-2025"
51.4461975097656,-3.18552994728088,"04-07-2025"
51.4463005065918,-3.1855800151825,"04-07-2025"
51.4463882446289,-3.18557000160217,"04-07-2025"
51.4464988708496,-3.18548989295959,"04-07-2025"
51.4466171264648,-3.18553996086121,"04-07-2025"
51.4466781616211,-3.18567991256714,"04-07-2025"
51.4467697143555,-3.1860499382019,"04-07-2025"
51.4468078613281,-3.18629002571106,"04-07-2025"
51.4468688964844,-3.18641996383667,"04-07-2025"
51.446907043457,-3.18647003173828,"04-07-2025"
51.4469604492188,-3.18650984764099,"04-07-2025"
51.4470100402832,-3.18651986122131,"04-07-2025"
51.4471778869629,-3.18640995025635,"04-07-2025"
51.447338104248,-3.18626999855042,"04-07-2025"
51.4478073120117,-3.18594980239868,"04-07-2025"
51.4480171203613,-3.18576002120972,"04-07-2025"
51.4482002258301,-3.18557000160217,"04-07-2025"
51.4485778808594,-3.1853199005127,"04-07-2025"
51.4486503601074,-3.18528985977173,"04-07-2025"
51.4486999511719,-3.1853199005127,"04-07-2025"
51.4488983154297,-3.18555998802185,"04-07-2025"
51.4490699768066,-3.185879945755,"04-07-2025"
51.4493789672852,-3.1867299079895,"04-07-2025"
51.4496803283691,-3.18727993965149,"04-07-2025"
51.4498176574707,-3.18747997283936,"04-07-2025"
51.4501304626465,-3.18787002563477,"04-07-2025"
51.450267791748,-3.18801999092102,"04-07-2025"
51.450309753418,-3.18809986114502,"04-07-2025"
51.4504089355469,-3.18819999694824,"04-07-2025"
51.4504699707031,-3.18823981285095,"04-07-2025"
51.4505386352539,-3.18823981285095,"04-07-2025"
51.450569152832,-3.18821001052856,"04-07-2025"
51.4506378173828,-3.1881799697876,"04-07-2025"
51.4508895874023,-3.18796992301941,"04-07-2025"
51.4511795043945,-3.18775987625122,"04-07-2025"
51.4515686035156,-3.18756985664368,"04-07-2025"
51.4519004821777,-3.18734002113342,"04-07-2025"
51.4519577026367,-3.18727993965149,"04-07-2025"
51.4521484375,-3.18715000152588,"04-07-2025"
51.4522476196289,-3.18710994720459,"04-07-2025"
51.4524002075195,-3.18731999397278,"04-07-2025"
51.4524688720703,-3.18748998641968,"04-07-2025"
51.4524993896484,-3.18760991096497,"04-07-2025"
51.4525299072266,-3.18779993057251,"04-07-2025"
51.4525375366211,-3.18805980682373,"04-07-2025"
51.4525299072266,-3.18863987922668,"04-07-2025"
51.4525375366211,-3.18882989883423,"04-07-2025"
51.4526290893555,-3.18926000595093,"04-07-2025"
51.4527282714844,-3.18950986862183,"04-07-2025"
51.4530181884766,-3.19008994102478,"04-07-2025"
51.4532203674316,-3.19042992591858,"04-07-2025"
51.453369140625,-3.19075989723206,"04-07-2025"
51.4535179138184,-3.19102001190186,"04-07-2025"
51.4535980224609,-3.1911199092865,"04-07-2025"
51.4536781311035,-3.19117999076843,"04-07-2025"
51.453929901123,-3.1912899017334,"04-07-2025"
51.4540786743164,-3.1913800239563,"04-07-2025"
51.4540901184082,-3.19139003753662,"04-07-2025"
51.4540481567383,-3.19163990020752,"04-07-2025"
51.4540481567383,-3.1917200088501,"04-07-2025"
51.4542198181152,-3.19184994697571,"04-07-2025"
51.4542503356934,-3.19194984436035,"04-07-2025"
51.4544486999512,-3.19237995147705,"04-07-2025"
51.4544868469238,-3.19244003295898,"04-07-2025"
51.4547996520996,-3.19274997711182,"04-07-2025"
51.4550704956055,-3.19299983978271,"04-07-2025"
51.455249786377,-3.1931300163269,"04-07-2025"
51.4554672241211,-3.19323992729187,"04-07-2025"
51.4555969238281,-3.19325995445251,"04-07-2025"
51.4557876586914,-3.19323992729187,"04-07-2025"
51.4558982849121,-3.19317984580994,"04-07-2025"
51.4561500549316,-3.19296002388,"04-07-2025"
51.4564399719238,-3.19279003143311,"04-07-2025"
51.4566268920898,-3.19270992279053,"04-07-2025"
51.4569892883301,-3.19264984130859,"04-07-2025"
51.4570999145508,-3.19260001182556,"04-07-2025"
51.4571380615234,-3.19254994392395,"04-07-2025"
51.4572105407715,-3.19251990318298,"04-07-2025"
51.4572792053223,-3.19252991676331,"04-07-2025"
51.4575996398926,-3.19267988204956,"04-07-2025"
51.457649230957,-3.19271993637085,"04-07-2025"
51.4580192565918,-3.19293999671936,"04-07-2025"
51.4581069946289,-3.19305992126465,"04-07-2025"
51.4581604003906,-3.19318985939026,"04-07-2025"
51.4582176208496,-3.19366002082825,"04-07-2025"
51.4582405090332,-3.19416999816895,"04-07-2025"
51.4584083557129,-3.19505000114441,"04-07-2025"
51.458438873291,-3.19547986984253,"04-07-2025"
51.458438873291,-3.19613981246948,"04-07-2025"
51.4584083557129,-3.19653987884521,"04-07-2025"
51.4582786560059,-3.19700980186462,"04-07-2025"
51.4582481384277,-3.19727993011475,"04-07-2025"
51.4582672119141,-3.197429895401,"04-07-2025"
51.4583778381348,-3.19775986671448,"04-07-2025"
51.4583969116211,-3.19787001609802,"04-07-2025"
51.4583892822266,-3.19792985916138,"04-07-2025"
51.4582977294922,-3.19804000854492,"04-07-2025"
51.4580268859863,-3.19822001457214,"04-07-2025"
51.457950592041,-3.19823980331421,"04-07-2025"
51.4578704833984,-3.19826984405518,"04-07-2025"
51.4577598571777,-3.19837999343872,"04-07-2025"
51.4576988220215,-3.19845986366272,"04-07-2025"
51.4574699401855,-3.19865989685059,"04-07-2025"
51.4570388793945,-3.19896984100342,"04-07-2025"
51.4566802978516,-3.19916987419128,"04-07-2025"
51.4564590454102,-3.19925999641418,"04-07-2025"
51.4562873840332,-3.19930982589722,"04-07-2025"
51.4560279846191,-3.19932985305786,"04-07-2025"
51.4558792114258,-3.19929003715515,"04-07-2025"
51.4557800292969,-3.19928002357483,"04-07-2025"
51.4555473327637,-3.19918990135193,"04-07-2025"
51.4554100036621,-3.19911003112793,"04-07-2025"
51.4550094604492,-3.1987898349762,"04-07-2025"
51.4546203613281,-3.19828987121582,"04-07-2025"
51.4541969299316,-3.19782996177673,"04-07-2025"
51.4540901184082,-3.19757986068726,"04-07-2025"
51.4540405273438,-3.19736981391907,"04-07-2025"
51.4539680480957,-3.19727993011475,"04-07-2025"
51.4538497924805,-3.19726991653442,"04-07-2025"
51.4537582397461,-3.19730997085571,"04-07-2025"
51.4537582397461,-3.19731998443604,"04-07-2025"
51.4537773132324,-3.19730997085571,"04-07-2025"
51.4537696838379,-3.197429895401,"04-07-2025"
51.4536972045898,-3.19751000404358,"04-07-2025"
51.4536285400391,-3.19748997688293,"04-07-2025"
51.4534378051758,-3.19730997085571,"04-07-2025"
51.4530982971191,-3.19684982299805,"04-07-2025"
51.4528388977051,-3.19655990600586,"04-07-2025"
51.4523773193359,-3.19596982002258,"04-07-2025"
51.4516181945801,-3.19472002983093,"04-07-2025"
51.4515571594238,-3.19450998306274,"04-07-2025"
51.4514083862305,-3.19419002532959,"04-07-2025"
51.4512786865234,-3.19392991065979,"04-07-2025"
51.4510192871094,-3.19349980354309,"04-07-2025"
51.4508399963379,-3.19315981864929,"04-07-2025"
51.4507675170898,-3.19297981262207,"04-07-2025"
51.4504776000977,-3.19245982170105,"04-07-2025"
51.4502105712891,-3.19208002090454,"04-07-2025"
51.4500389099121,-3.19186997413635,"04-07-2025"
51.4497184753418,-3.19154000282288,"04-07-2025"
51.4494285583496,-3.19117999076843,"04-07-2025"
51.4489784240723,-3.19071984291077,"04-07-2025"
51.448917388916,-3.1906898021698,"04-07-2025"
51.448860168457,-3.19069981575012,"04-07-2025"
51.4487075805664,-3.19067001342773,"04-07-2025"
51.4484596252441,-3.19068002700806,"04-07-2025"
51.4482269287109,-3.19057989120483,"04-07-2025"
51.448169708252,-3.19059991836548,"04-07-2025"
51.4479179382324,-3.19061994552612,"04-07-2025"
51.4478569030762,-3.19047999382019,"04-07-2025"
51.4477386474609,-3.19044995307922,"04-07-2025"
51.4476203918457,-3.19035983085632,"04-07-2025"
51.4475784301758,-3.19035983085632,"04-07-2025"
51.4474678039551,-3.19027996063232,"04-07-2025"
51.4474296569824,-3.19021987915039,"04-07-2025"
51.447338104248,-3.18998980522156,"04-07-2025"
51.4470176696777,-3.18953990936279,"04-07-2025"
51.4469184875488,-3.18937993049622,"04-07-2025"
51.4466781616211,-3.18883991241455,"04-07-2025"
51.4465675354004,-3.18866991996765,"04-07-2025"
51.4466781616211,-3.18850994110107,"04-07-2025"
51.4467697143555,-3.18830990791321,"04-07-2025"
51.4468574523926,-3.1878399848938,"04-07-2025"
51.4469299316406,-3.18769001960754,"04-07-2025"
51.4469871520996,-3.1876699924469,"04-07-2025"
51.4470481872559,-3.18770003318787,"04-07-2025"
51.4471473693848,-3.18780994415283,"04-07-2025"
51.4472999572754,-3.1880898475647,"04-07-2025"
51.4473571777344,-3.18816995620728,"04-07-2025"
51.4477996826172,-3.18856000900269,"04-07-2025"
51.4479293823242,-3.18864989280701,"04-07-2025"
51.4481201171875,-3.18870997428894,"04-07-2025"
51.4482192993164,-3.18864989280701,"04-07-2025"
51.4482803344727,-3.18849992752075,"04-07-2025"
51.4483070373535,-3.18838000297546,"04-07-2025"
51.4482879638672,-3.18829989433289,"04-07-2025"
51.4482383728027,-3.18819999694824,"04-07-2025"
51.4480972290039,-3.18801999092102,"04-07-2025"
51.4479484558105,-3.18779993057251,"04-07-2025"
51.447868347168,-3.18754982948303,"04-07-2025"
51.4477577209473,-3.18735003471375,"04-07-2025"
51.447437286377,-3.18693995475769,"04-07-2025"
51.447380065918,-3.18687987327576,"04-07-2025"
51.4471969604492,-3.18681001663208,"04-07-2025"
51.4471473693848,-3.1867299079895,"04-07-2025"
51.447078704834,-3.18652987480164,"04-07-2025"
51.4469604492188,-3.185959815979,"04-07-2025"
51.4468078613281,-3.18545985221863,"04-07-2025"
51.4467468261719,-3.18487000465393,"04-07-2025"
51.446647644043,-3.18449997901917,"04-07-2025"
51.4465675354004,-3.18415999412537,"04-07-2025"
51.4465293884277,-3.18405985832214,"04-07-2025"
51.4464797973633,-3.18353986740112,"04-07-2025"
51.446418762207,-3.18331003189087,"04-07-2025"
51.4463996887207,-3.18296003341675,"04-07-2025"
51.4463691711426,-3.18288993835449,"04-07-2025"
51.4463195800781,-3.1828498840332,"04-07-2025"
51.4462394714355,-3.18280982971191,"04-07-2025"
51.446159362793,-3.18282985687256,"04-07-2025"
51.4460105895996,-3.18289995193481,"04-07-2025"
51.4457473754883,-3.18305993080139,"04-07-2025"
51.4456901550293,-3.18312001228333,"04-07-2025"
51.4454383850098,-3.18342995643616,"04-07-2025"
51.4454002380371,-3.1836199760437,"04-07-2025"
51.4454193115234,-3.18385982513428,"04-07-2025"
51.4454879760742,-3.1841299533844,"04-07-2025"
51.4457473754883,-3.18481993675232,"04-07-2025"
51.4458389282227,-3.18520998954773,"04-07-2025"
51.4460105895996,-3.18557000160217,"04-07-2025"
51.4412269592285,-3.17824983596802,"02-07-2025"
51.4413185119629,-3.17857003211975,"02-07-2025"
51.4413681030273,-3.17902994155884,"02-07-2025"
51.4415092468262,-3.17957997322083,"02-07-2025"
51.4415893554688,-3.18001985549927,"02-07-2025"
51.441707611084,-3.18036985397339,"02-07-2025"
51.4421005249023,-3.18228983879089,"02-07-2025"
51.4421997070312,-3.18265986442566,"02-07-2025"
51.4421997070312,-3.18272995948792,"02-07-2025"
51.4421195983887,-3.18290996551514,"02-07-2025"
51.442138671875,-3.18312001228333,"02-07-2025"
51.4421997070312,-3.1832799911499,"02-07-2025"
51.4427070617676,-3.18417000770569,"02-07-2025"
51.4427795410156,-3.18452000617981,"02-07-2025"
51.4431686401367,-3.18520998954773,"02-07-2025"
51.4437980651855,-3.18592000007629,"02-07-2025"
51.4449691772461,-3.18748998641968,"02-07-2025"
51.4451904296875,-3.18764996528625,"02-07-2025"
51.4458885192871,-3.18788981437683,"02-07-2025"
51.4463882446289,-3.18818998336792,"02-07-2025"
51.4468688964844,-3.18929982185364,"02-07-2025"
51.4471397399902,-3.18976998329163,"02-07-2025"
51.447338104248,-3.18994998931885,"02-07-2025"
51.4473571777344,-3.19012999534607,"02-07-2025"
51.4473991394043,-3.19021987915039,"02-07-2025"
51.447509765625,-3.19029998779297,"02-07-2025"
51.4475593566895,-3.190269947052,"02-07-2025"
51.4476470947266,-3.19036984443665,"02-07-2025"
51.4478073120117,-3.19040989875793,"02-07-2025"
51.4478569030762,-3.19051003456116,"02-07-2025"
51.4483680725098,-3.19091987609863,"02-07-2025"
51.4485702514648,-3.19117999076843,"02-07-2025"
51.4488372802734,-3.19157981872559,"02-07-2025"
51.4490699768066,-3.19202995300293,"02-07-2025"
51.4492797851562,-3.19267988204956,"02-07-2025"
51.449390411377,-3.19309997558594,"02-07-2025"
51.4494972229004,-3.1939799785614,"02-07-2025"
51.4497299194336,-3.19471001625061,"02-07-2025"
51.4502372741699,-3.19568991661072,"02-07-2025"
51.4503593444824,-3.19604992866516,"02-07-2025"
51.450870513916,-3.1970899105072,"02-07-2025"
51.4509391784668,-3.19739985466003,"02-07-2025"
51.4509391784668,-3.19755983352661,"02-07-2025"
51.4508399963379,-3.19792985916138,"02-07-2025"
51.4506187438965,-3.19839000701904,"02-07-2025"
51.4505271911621,-3.19876003265381,"02-07-2025"
51.4504585266113,-3.19882988929749,"02-07-2025"
51.4502868652344,-3.19872999191284,"02-07-2025"
51.4502296447754,-3.19881987571716,"02-07-2025"
51.4501075744629,-3.19880986213684,"02-07-2025"
51.4495277404785,-3.19842982292175,"02-07-2025"
51.44921875,-3.19828987121582,"02-07-2025"
51.4487686157227,-3.19826984405518,"02-07-2025"
51.4481468200684,-3.19842982292175,"02-07-2025"
51.4479370117188,-3.19842982292175,"02-07-2025"
51.4478302001953,-3.19849991798401,"02-07-2025"
51.4478187561035,-3.19851994514465,"02-07-2025"
51.4477005004883,-3.19837999343872,"02-07-2025"
51.4472885131836,-3.19806981086731,"02-07-2025"
51.4469299316406,-3.19766998291016,"02-07-2025"
51.4467468261719,-3.19755983352661,"02-07-2025"
51.4464569091797,-3.19748997688293,"02-07-2025"
51.4461288452148,-3.19762992858887,"02-07-2025"
51.4459686279297,-3.19773983955383,"02-07-2025"
51.4451599121094,-3.1984498500824,"02-07-2025"
51.4445571899414,-3.19918990135193,"02-07-2025"
51.4446296691895,-3.19939994812012,"02-07-2025"
51.4445991516113,-3.19953989982605,"02-07-2025"
51.4446296691895,-3.19975996017456,"02-07-2025"
51.4445877075195,-3.20001983642578,"02-07-2025"
51.4441184997559,-3.20170998573303,"02-07-2025"
51.444149017334,-3.20183992385864,"02-07-2025"
51.4441680908203,-3.20200991630554,"02-07-2025"
51.444149017334,-3.20217990875244,"02-07-2025"
51.4441871643066,-3.20235991477966,"02-07-2025"
51.4443778991699,-3.20273995399475,"02-07-2025"
51.4445190429688,-3.20334982872009,"02-07-2025"
51.4446182250977,-3.20358991622925,"02-07-2025"
51.4449195861816,-3.20408987998962,"02-07-2025"
51.4451789855957,-3.20425987243652,"02-07-2025"
51.4451789855957,-3.20439982414246,"02-07-2025"
51.4451675415039,-3.20430994033813,"02-07-2025"
51.4451599121094,-3.2043399810791,"02-07-2025"
51.4453086853027,-3.20472002029419,"02-07-2025"
51.4453582763672,-3.20514988899231,"02-07-2025"
51.4454193115234,-3.20533990859985,"02-07-2025"
51.4454803466797,-3.20584988594055,"02-07-2025"
51.4455986022949,-3.20616984367371,"02-07-2025"
51.4457092285156,-3.2063000202179,"02-07-2025"
51.4457168579102,-3.20708990097046,"02-07-2025"
51.4460678100586,-3.20767998695374,"02-07-2025"
51.4463195800781,-3.20802998542786,"02-07-2025"
51.4464302062988,-3.20811986923218,"02-07-2025"
51.4465103149414,-3.20807981491089,"02-07-2025"
51.446590423584,-3.20816993713379,"02-07-2025"
51.4467086791992,-3.20866990089417,"02-07-2025"
51.4468193054199,-3.20922994613647,"02-07-2025"
51.447208404541,-3.21033000946045,"02-07-2025"
51.4472198486328,-3.21052002906799,"02-07-2025"
51.4471702575684,-3.21063995361328,"02-07-2025"
51.4471969604492,-3.21075987815857,"02-07-2025"
51.4472579956055,-3.21073985099792,"02-07-2025"
51.447380065918,-3.2108998298645,"02-07-2025"
51.4474868774414,-3.21113991737366,"02-07-2025"
51.4475975036621,-3.2114999294281,"02-07-2025"
51.4480094909668,-3.21214985847473,"02-07-2025"
51.4480590820312,-3.21232986450195,"02-07-2025"
51.4480781555176,-3.21252989768982,"02-07-2025"
51.447868347168,-3.21354985237122,"02-07-2025"
51.4478492736816,-3.21379995346069,"02-07-2025"
51.4477996826172,-3.21391987800598,"02-07-2025"
51.4472389221191,-3.21444988250732,"02-07-2025"
51.4468879699707,-3.21491003036499,"02-07-2025"
51.446720123291,-3.21540999412537,"02-07-2025"
51.4466171264648,-3.21593999862671,"02-07-2025"
51.4464988708496,-3.21616983413696,"02-07-2025"
51.4461402893066,-3.21661996841431,"02-07-2025"
51.4456901550293,-3.2168300151825,"02-07-2025"
51.4452095031738,-3.21692991256714,"02-07-2025"
51.4448280334473,-3.21691989898682,"02-07-2025"
51.4447593688965,-3.21693992614746,"02-07-2025"
51.444709777832,-3.21702003479004,"02-07-2025"
51.444709777832,-3.21721982955933,"02-07-2025"
51.4448471069336,-3.21768999099731,"02-07-2025"
51.4451484680176,-3.21809983253479,"02-07-2025"
51.4452171325684,-3.21825003623962,"02-07-2025"
51.445240020752,-3.21840000152588,"02-07-2025"
51.4452285766602,-3.21859002113342,"02-07-2025"
51.4450988769531,-3.21913981437683,"02-07-2025"
51.4448699951172,-3.21991991996765,"02-07-2025"
51.4448089599609,-3.22000980377197,"02-07-2025"
51.4445304870605,-3.22014999389648,"02-07-2025"
51.4444580078125,-3.22023987770081,"02-07-2025"
51.4444274902344,-3.22043991088867,"02-07-2025"
51.444507598877,-3.22076988220215,"02-07-2025"
51.4444885253906,-3.22095990180969,"02-07-2025"
51.4442596435547,-3.22132992744446,"02-07-2025"
51.44384765625,-3.22223997116089,"02-07-2025"
51.4433403015137,-3.22282981872559,"02-07-2025"
51.4431991577148,-3.22312998771667,"02-07-2025"
51.4428901672363,-3.22324991226196,"02-07-2025"
51.442626953125,-3.22308993339539,"02-07-2025"
51.4424896240234,-3.22324991226196,"02-07-2025"
51.442310333252,-3.22333002090454,"02-07-2025"
51.4418601989746,-3.22322988510132,"02-07-2025"
51.441707611084,-3.22305989265442,"02-07-2025"
51.4414291381836,-3.22292995452881,"02-07-2025"
51.441047668457,-3.22265982627869,"02-07-2025"
51.4409103393555,-3.22249984741211,"02-07-2025"
51.4406280517578,-3.22211980819702,"02-07-2025"
51.4400405883789,-3.22188997268677,"02-07-2025"
51.4400596618652,-3.22188997268677,"02-07-2025"
51.4399299621582,-3.22201991081238,"02-07-2025"
51.4394683837891,-3.22213983535767,"02-07-2025"
51.439338684082,-3.22225999832153,"02-07-2025"
51.4391784667969,-3.22257995605469,"02-07-2025"
51.4391784667969,-3.22300982475281,"02-07-2025"
51.4391288757324,-3.22292995452881,"02-07-2025"
51.4390983581543,-3.22273993492126,"02-07-2025"
51.4388084411621,-3.22301983833313,"02-07-2025"
51.4384994506836,-3.22292995452881,"02-07-2025"
51.4383277893066,-3.2228000164032,"02-07-2025"
51.4381675720215,-3.22273993492126,"02-07-2025"
51.4380302429199,-3.22281002998352,"02-07-2025"
51.4379386901855,-3.2229700088501,"02-07-2025"
51.4378204345703,-3.22307991981506,"02-07-2025"
51.4375076293945,-3.22305989265442,"02-07-2025"
51.4372177124023,-3.22295999526978,"02-07-2025"
51.4370498657227,-3.22275996208191,"02-07-2025"
51.436939239502,-3.22255992889404,"02-07-2025"
51.4367370605469,-3.2224600315094,"02-07-2025"
51.4363403320312,-3.223219871521,"02-07-2025"
51.4362487792969,-3.22351002693176,"02-07-2025"
51.4361801147461,-3.22355985641479,"02-07-2025"
51.4361381530762,-3.2236499786377,"02-07-2025"
51.436149597168,-3.22378993034363,"02-07-2025"
51.4362373352051,-3.22404980659485,"02-07-2025"
51.4361991882324,-3.22440981864929,"02-07-2025"
51.4362297058105,-3.22460985183716,"02-07-2025"
51.436149597168,-3.22447991371155,"02-07-2025"
51.4362487792969,-3.22463989257812,"02-07-2025"
51.4365196228027,-3.22482991218567,"02-07-2025"
51.4367980957031,-3.22509980201721,"02-07-2025"
51.4370193481445,-3.22515988349915,"02-07-2025"
51.4372673034668,-3.2253098487854,"02-07-2025"
51.4378089904785,-3.22546982765198,"02-07-2025"
51.4388694763184,-3.2269299030304,"02-07-2025"
51.4390487670898,-3.22728991508484,"02-07-2025"
51.4390487670898,-3.22736001014709,"02-07-2025"
51.4391479492188,-3.22757983207703,"02-07-2025"
51.4391784667969,-3.2277398109436,"02-07-2025"
51.4391670227051,-3.22802996635437,"02-07-2025"
51.4390182495117,-3.2283399105072,"02-07-2025"
51.4390296936035,-3.22881984710693,"02-07-2025"
51.4390869140625,-3.22888994216919,"02-07-2025"
51.4391174316406,-3.22879981994629,"02-07-2025"
51.4391403198242,-3.22888994216919,"02-07-2025"
51.4392471313477,-3.22890996932983,"02-07-2025"
51.4394569396973,-3.22902989387512,"02-07-2025"
51.4398002624512,-3.22932982444763,"02-07-2025"
51.4398803710938,-3.22948980331421,"02-07-2025"
51.4399375915527,-3.22965002059937,"02-07-2025"
51.4399375915527,-3.22992992401123,"02-07-2025"
51.4398880004883,-3.22994995117188,"02-07-2025"
51.4398803710938,-3.22999000549316,"02-07-2025"
51.4398994445801,-3.23001980781555,"02-07-2025"
51.4401092529297,-3.23013997077942,"02-07-2025"
51.4405784606934,-3.23011994361877,"02-07-2025"
51.4410400390625,-3.23030996322632,"02-07-2025"
51.4413871765137,-3.23034000396729,"02-07-2025"
51.4418182373047,-3.23060989379883,"02-07-2025"
51.4420471191406,-3.23080992698669,"02-07-2025"
51.4422302246094,-3.23084998130798,"02-07-2025"
51.4422378540039,-3.23081994056702,"02-07-2025"
51.4421882629395,-3.23080992698669,"02-07-2025"
51.4422073364258,-3.23081994056702,"02-07-2025"
51.4423599243164,-3.23057985305786,"02-07-2025"
51.4425468444824,-3.23036003112793,"02-07-2025"
51.4428672790527,-3.22977995872498,"02-07-2025"
51.443286895752,-3.22931981086731,"02-07-2025"
51.4434776306152,-3.22923994064331,"02-07-2025"
51.4439888000488,-3.22955989837646,"02-07-2025"
51.4444885253906,-3.23007988929749,"02-07-2025"
51.4447593688965,-3.23049998283386,"02-07-2025"
51.4449768066406,-3.23099994659424,"02-07-2025"
51.4453392028809,-3.23150992393494,"02-07-2025"
51.4454002380371,-3.23160982131958,"02-07-2025"
51.4453887939453,-3.23164987564087,"02-07-2025"
51.4453887939453,-3.2316198348999,"02-07-2025"
51.4454383850098,-3.2316198348999,"02-07-2025"
51.4454803466797,-3.23168992996216,"02-07-2025"
51.4454803466797,-3.23171997070312,"02-07-2025"
51.4455795288086,-3.23164987564087,"02-07-2025"
51.4457168579102,-3.23162984848022,"02-07-2025"
51.4460601806641,-3.2317099571228,"02-07-2025"
51.4463996887207,-3.23182988166809,"02-07-2025"
51.4466972351074,-3.23203992843628,"02-07-2025"
51.4468688964844,-3.23207998275757,"02-07-2025"
51.4470176696777,-3.23194003105164,"02-07-2025"
51.4470176696777,-3.23186993598938,"02-07-2025"
51.4469795227051,-3.2317099571228,"02-07-2025"
51.4468193054199,-3.2312798500061,"02-07-2025"
51.4464492797852,-3.23053002357483,"02-07-2025"
51.4460792541504,-3.23013997077942,"02-07-2025"
51.4460182189941,-3.23000001907349,"02-07-2025"
51.4460372924805,-3.22983002662659,"02-07-2025"
51.4463005065918,-3.22946000099182,"02-07-2025"
51.4464492797852,-3.22902989387512,"02-07-2025"
51.4456481933594,-3.2278299331665,"02-07-2025"
51.4454193115234,-3.2275698184967,"02-07-2025"
51.4447784423828,-3.22738981246948,"02-07-2025"
51.4445571899414,-3.22742986679077,"02-07-2025"
51.4443283081055,-3.22721982002258,"02-07-2025"
51.4442291259766,-3.22698998451233,"02-07-2025"
51.4440689086914,-3.22672986984253,"02-07-2025"
51.4440498352051,-3.22660994529724,"02-07-2025"
51.4440269470215,-3.22634983062744,"02-07-2025"
51.4440803527832,-3.22567987442017,"02-07-2025"
51.4440498352051,-3.22487998008728,"02-07-2025"
51.444019317627,-3.22476983070374,"02-07-2025"
51.4437599182129,-3.22442984580994,"02-07-2025"
51.4435501098633,-3.22361993789673,"02-07-2025"
51.4431991577148,-3.22315001487732,"02-07-2025"
51.4433288574219,-3.22325992584229,"02-07-2025"
51.4433670043945,-3.22334003448486,"02-07-2025"
51.4433403015137,-3.22339987754822,"02-07-2025"
51.4432106018066,-3.22340989112854,"02-07-2025"
51.4429702758789,-3.22336983680725,"02-07-2025"
51.4429092407227,-3.2233099937439,"02-07-2025"
51.4428901672363,-3.22324991226196,"02-07-2025"
51.4431800842285,-3.22312998771667,"02-07-2025"
51.443286895752,-3.22293996810913,"02-07-2025"
51.4434204101562,-3.22281980514526,"02-07-2025"
51.4436798095703,-3.22249984741211,"02-07-2025"
51.4438400268555,-3.22222995758057,"02-07-2025"
51.4444770812988,-3.2208399772644,"02-07-2025"
51.4444694519043,-3.22063994407654,"02-07-2025"
51.4443893432617,-3.22052001953125,"02-07-2025"
51.4444198608398,-3.22029995918274,"02-07-2025"
51.4445381164551,-3.22014999389648,"02-07-2025"
51.4447402954102,-3.22005987167358,"02-07-2025"
51.444938659668,-3.2197699546814,"02-07-2025"
51.4450492858887,-3.21937990188599,"02-07-2025"
51.4451103210449,-3.21898984909058,"02-07-2025"
51.4451675415039,-3.21881985664368,"02-07-2025"
51.445198059082,-3.21852993965149,"02-07-2025"
51.4453086853027,-3.21830987930298,"02-07-2025"
51.445930480957,-3.21757984161377,"02-07-2025"
51.446647644043,-3.21710991859436,"02-07-2025"
51.446849822998,-3.21691989898682,"02-07-2025"
51.4470977783203,-3.21654987335205,"02-07-2025"
51.4472389221191,-3.21619987487793,"02-07-2025"
51.4474678039551,-3.21529984474182,"02-07-2025"
51.4475288391113,-3.21485996246338,"02-07-2025"
51.4476203918457,-3.214439868927,"02-07-2025"
51.4476203918457,-3.21430993080139,"02-07-2025"
51.4475784301758,-3.21420001983643,"02-07-2025"
51.447639465332,-3.21415996551514,"02-07-2025"
51.4476089477539,-3.21414995193481,"02-07-2025"
51.4476203918457,-3.21405982971191,"02-07-2025"
51.4477577209473,-3.21398997306824,"02-07-2025"
51.4478302001953,-3.21380996704102,"02-07-2025"
51.4480400085449,-3.21263980865479,"02-07-2025"
51.4480400085449,-3.21241998672485,"02-07-2025"
51.4480094909668,-3.21221995353699,"02-07-2025"
51.4478988647461,-3.21201992034912,"02-07-2025"
51.4475898742676,-3.21161985397339,"02-07-2025"
51.4475173950195,-3.21147990226746,"02-07-2025"
51.4474792480469,-3.21128988265991,"02-07-2025"
51.4473686218262,-3.21096992492676,"02-07-2025"
51.4472885131836,-3.21076989173889,"02-07-2025"
51.4472503662109,-3.21076989173889,"02-07-2025"
51.4471778869629,-3.2106499671936,"02-07-2025"
51.4471969604492,-3.21058988571167,"02-07-2025"
51.4471778869629,-3.21029996871948,"02-07-2025"
51.4467468261719,-3.20899987220764,"02-07-2025"
51.4466094970703,-3.20824003219604,"02-07-2025"
51.4465293884277,-3.20815992355347,"02-07-2025"
51.4464073181152,-3.20814990997314,"02-07-2025"
51.4463500976562,-3.20807981491089,"02-07-2025"
51.4461402893066,-3.20729994773865,"02-07-2025"
51.4458274841309,-3.20643997192383,"02-07-2025"
51.4457473754883,-3.20627999305725,"02-07-2025"
51.4456176757812,-3.20614981651306,"02-07-2025"
51.445499420166,-3.20584988594055,"02-07-2025"
51.4454498291016,-3.20550990104675,"02-07-2025"
51.4453582763672,-3.20520997047424,"02-07-2025"
51.4452705383301,-3.20464992523193,"02-07-2025"
51.4451789855957,-3.20432996749878,"02-07-2025"
51.4447975158691,-3.20380997657776,"02-07-2025"
51.4446296691895,-3.20348000526428,"02-07-2025"
51.4449501037598,-3.20415997505188,"02-07-2025"
51.4450073242188,-3.20420980453491,"02-07-2025"
51.4450569152832,-3.20419001579285,"02-07-2025"
51.4446792602539,-3.20363998413086,"02-07-2025"
51.4444999694824,-3.20303988456726,"02-07-2025"
51.4442291259766,-3.20246982574463,"02-07-2025"
51.4441795349121,-3.20219993591309,"02-07-2025"
51.4442100524902,-3.20206999778748,"02-07-2025"
51.4442100524902,-3.20192980766296,"02-07-2025"
51.4441070556641,-3.20173001289368,"02-07-2025"
51.4445571899414,-3.19989991188049,"02-07-2025"
51.4446296691895,-3.19975996017456,"02-07-2025"
51.4446182250977,-3.19976997375488,"02-07-2025"
51.4445686340332,-3.19933986663818,"02-07-2025"
51.4446105957031,-3.19874000549316,"02-07-2025"
51.4447784423828,-3.19850993156433,"02-07-2025"
51.444766998291,-3.19837999343872,"02-07-2025"
51.4446678161621,-3.19812989234924,"02-07-2025"
51.4446296691895,-3.19783997535706,"02-07-2025"
51.4446868896484,-3.19761991500854,"02-07-2025"
51.4447402954102,-3.19719982147217,"02-07-2025"
51.4448471069336,-3.19585990905762,"02-07-2025"
51.4449768066406,-3.19488000869751,"02-07-2025"
51.4450874328613,-3.19356989860535,"02-07-2025"
51.4453277587891,-3.191890001297,"02-07-2025"
51.4454383850098,-3.1913800239563,"02-07-2025"
51.4454803466797,-3.19097995758057,"02-07-2025"
51.4454803466797,-3.19057989120483,"02-07-2025"
51.4453468322754,-3.18954992294312,"02-07-2025"
51.4453468322754,-3.18920993804932,"02-07-2025"
51.4412269592285,-3.17824983596802,"02-07-2025"
51.4413185119629,-3.17857003211975,"02-07-2025"
51.4413681030273,-3.17902994155884,"02-07-2025"
51.4415092468262,-3.17957997322083,"02-07-2025"
51.4415893554688,-3.18001985549927,"02-07-2025"
51.441707611084,-3.18036985397339,"02-07-2025"
51.4421005249023,-3.18228983879089,"02-07-2025"
51.4421997070312,-3.18265986442566,"02-07-2025"
51.4421997070312,-3.18272995948792,"02-07-2025"
51.4421195983887,-3.18290996551514,"02-07-2025"
51.442138671875,-3.18312001228333,"02-07-2025"
51.4421997070312,-3.1832799911499,"02-07-2025"
51.4427070617676,-3.18417000770569,"02-07-2025"
51.4427795410156,-3.18452000617981,"02-07-2025"
51.4431686401367,-3.18520998954773,"02-07-2025"
51.4437980651855,-3.18592000007629,"02-07-2025"
51.4449691772461,-3.18748998641968,"02-07-2025"
51.4451904296875,-3.18764996528625,"02-07-2025"
51.4458885192871,-3.18788981437683,"02-07-2025"
51.4463882446289,-3.18818998336792,"02-07-2025"
51.4468688964844,-3.18929982185364,"02-07-2025"
51.4471397399902,-3.18976998329163,"02-07-2025"
51.447338104248,-3.18994998931885,"02-07-2025"
51.4473571777344,-3.19012999534607,"02-07-2025"
51.4473991394043,-3.19021987915039,"02-07-2025"
51.447509765625,-3.19029998779297,"02-07-2025"
51.4475593566895,-3.190269947052,"02-07-2025"
51.4476470947266,-3.19036984443665,"02-07-2025"
51.4478073120117,-3.19040989875793,"02-07-2025"
51.4478569030762,-3.19051003456116,"02-07-2025"
51.4483680725098,-3.19091987609863,"02-07-2025"
51.4485702514648,-3.19117999076843,"02-07-2025"
51.4488372802734,-3.19157981872559,"02-07-2025"
51.4490699768066,-3.19202995300293,"02-07-2025"
51.4492797851562,-3.19267988204956,"02-07-2025"
51.449390411377,-3.19309997558594,"02-07-2025"
51.4494972229004,-3.1939799785614,"02-07-2025"
51.4497299194336,-3.19471001625061,"02-07-2025"
51.4502372741699,-3.19568991661072,"02-07-2025"
51.4503593444824,-3.19604992866516,"02-07-2025"
51.450870513916,-3.1970899105072,"02-07-2025"
51.4509391784668,-3.19739985466003,"02-07-2025"
51.4509391784668,-3.19755983352661,"02-07-2025"
51.4508399963379,-3.19792985916138,"02-07-2025"
51.4506187438965,-3.19839000701904,"02-07-2025"
51.4505271911621,-3.19876003265381,"02-07-2025"
51.4504585266113,-3.19882988929749,"02-07-2025"
51.4502868652344,-3.19872999191284,"02-07-2025"
51.4502296447754,-3.19881987571716,"02-07-2025"
51.4501075744629,-3.19880986213684,"02-07-2025"
51.4495277404785,-3.19842982292175,"02-07-2025"
51.44921875,-3.19828987121582,"02-07-2025"
51.4487686157227,-3.19826984405518,"02-07-2025"
51.4481468200684,-3.19842982292175,"02-07-2025"
51.4479370117188,-3.19842982292175,"02-07-2025"
51.4478302001953,-3.19849991798401,"02-07-2025"
51.4478187561035,-3.19851994514465,"02-07-2025"
51.4477005004883,-3.19837999343872,"02-07-2025"
51.4472885131836,-3.19806981086731,"02-07-2025"
51.4469299316406,-3.19766998291016,"02-07-2025"
51.4467468261719,-3.19755983352661,"02-07-2025"
51.4464569091797,-3.19748997688293,"02-07-2025"
51.4461288452148,-3.19762992858887,"02-07-2025"
51.4459686279297,-3.19773983955383,"02-07-2025"
51.4451599121094,-3.1984498500824,"02-07-2025"
51.4445571899414,-3.19918990135193,"02-07-2025"
51.4446296691895,-3.19939994812012,"02-07-2025"
51.4445991516113,-3.19953989982605,"02-07-2025"
51.4446296691895,-3.19975996017456,"02-07-2025"
51.4445877075195,-3.20001983642578,"02-07-2025"
51.4441184997559,-3.20170998573303,"02-07-2025"
51.444149017334,-3.20183992385864,"02-07-2025"
51.4441680908203,-3.20200991630554,"02-07-2025"
51.444149017334,-3.20217990875244,"02-07-2025"
51.4441871643066,-3.20235991477966,"02-07-2025"
51.4443778991699,-3.20273995399475,"02-07-2025"
51.4445190429688,-3.20334982872009,"02-07-2025"
51.4446182250977,-3.20358991622925,"02-07-2025"
51.4449195861816,-3.20408987998962,"02-07-2025"
51.4451789855957,-3.20425987243652,"02-07-2025"
51.4451789855957,-3.20439982414246,"02-07-2025"
51.4451675415039,-3.20430994033813,"02-07-2025"
51.4451599121094,-3.2043399810791,"02-07-2025"
51.4453086853027,-3.20472002029419,"02-07-2025"
51.4453582763672,-3.20514988899231,"02-07-2025"
51.4454193115234,-3.20533990859985,"02-07-2025"
51.4454803466797,-3.20584988594055,"02-07-2025"
51.4455986022949,-3.20616984367371,"02-07-2025"
51.4457092285156,-3.2063000202179,"02-07-2025"
51.4457168579102,-3.20708990097046,"02-07-2025"
51.4460678100586,-3.20767998695374,"02-07-2025"
51.4463195800781,-3.20802998542786,"02-07-2025"
51.4464302062988,-3.20811986923218,"02-07-2025"
51.4465103149414,-3.20807981491089,"02-07-2025"
51.446590423584,-3.20816993713379,"02-07-2025"
51.4467086791992,-3.20866990089417,"02-07-2025"
51.4468193054199,-3.20922994613647,"02-07-2025"
51.447208404541,-3.21033000946045,"02-07-2025"
51.4472198486328,-3.21052002906799,"02-07-2025"
51.4471702575684,-3.21063995361328,"02-07-2025"
51.4471969604492,-3.21075987815857,"02-07-2025"
51.4472579956055,-3.21073985099792,"02-07-2025"
51.447380065918,-3.2108998298645,"02-07-2025"
51.4474868774414,-3.21113991737366,"02-07-2025"
51.4475975036621,-3.2114999294281,"02-07-2025"
51.4480094909668,-3.21214985847473,"02-07-2025"
51.4480590820312,-3.21232986450195,"02-07-2025"
51.4480781555176,-3.21252989768982,"02-07-2025"
51.447868347168,-3.21354985237122,"02-07-2025"
51.4478492736816,-3.21379995346069,"02-07-2025"
51.4477996826172,-3.21391987800598,"02-07-2025"
51.4472389221191,-3.21444988250732,"02-07-2025"
51.4468879699707,-3.21491003036499,"02-07-2025"
51.446720123291,-3.21540999412537,"02-07-2025"
51.4466171264648,-3.21593999862671,"02-07-2025"
51.4464988708496,-3.21616983413696,"02-07-2025"
51.4461402893066,-3.21661996841431,"02-07-2025"
51.4456901550293,-3.2168300151825,"02-07-2025"
51.4452095031738,-3.21692991256714,"02-07-2025"
51.4448280334473,-3.21691989898682,"02-07-2025"
51.4447593688965,-3.21693992614746,"02-07-2025"
51.444709777832,-3.21702003479004,"02-07-2025"
51.444709777832,-3.21721982955933,"02-07-2025"
51.4448471069336,-3.21768999099731,"02-07-2025"
51.4451484680176,-3.21809983253479,"02-07-2025"
51.4452171325684,-3.21825003623962,"02-07-2025"
51.445240020752,-3.21840000152588,"02-07-2025"
51.4452285766602,-3.21859002113342,"02-07-2025"
51.4450988769531,-3.21913981437683,"02-07-2025"
51.4448699951172,-3.21991991996765,"02-07-2025"
51.4448089599609,-3.22000980377197,"02-07-2025"
51.4445304870605,-3.22014999389648,"02-07-2025"
51.4444580078125,-3.22023987770081,"02-07-2025"
51.4444274902344,-3.22043991088867,"02-07-2025"
51.444507598877,-3.22076988220215,"02-07-2025"
51.4444885253906,-3.22095990180969,"02-07-2025"
51.4442596435547,-3.22132992744446,"02-07-2025"
51.44384765625,-3.22223997116089,"02-07-2025"
51.4433403015137,-3.22282981872559,"02-07-2025"
51.4431991577148,-3.22312998771667,"02-07-2025"
51.4428901672363,-3.22324991226196,"02-07-2025"
51.442626953125,-3.22308993339539,"02-07-2025"
51.4424896240234,-3.22324991226196,"02-07-2025"
51.442310333252,-3.22333002090454,"02-07-2025"
51.4418601989746,-3.22322988510132,"02-07-2025"
51.441707611084,-3.22305989265442,"02-07-2025"
51.4414291381836,-3.22292995452881,"02-07-2025"
51.441047668457,-3.22265982627869,"02-07-2025"
51.4409103393555,-3.22249984741211,"02-07-2025"
51.4406280517578,-3.22211980819702,"02-07-2025"
51.4400405883789,-3.22188997268677,"02-07-2025"
51.4400596618652,-3.22188997268677,"02-07-2025"
51.4399299621582,-3.22201991081238,"02-07-2025"
51.4394683837891,-3.22213983535767,"02-07-2025"
51.439338684082,-3.22225999832153,"02-07-2025"
51.4391784667969,-3.22257995605469,"02-07-2025"
51.4391784667969,-3.22300982475281,"02-07-2025"
51.4391288757324,-3.22292995452881,"02-07-2025"
51.4390983581543,-3.22273993492126,"02-07-2025"
51.4388084411621,-3.22301983833313,"02-07-2025"
51.4384994506836,-3.22292995452881,"02-07-2025"
51.4383277893066,-3.2228000164032,"02-07-2025"
51.4381675720215,-3.22273993492126,"02-07-2025"
51.4380302429199,-3.22281002998352,"02-07-2025"
51.4379386901855,-3.2229700088501,"02-07-2025"
51.4378204345703,-3.22307991981506,"02-07-2025"
51.4375076293945,-3.22305989265442,"02-07-2025"
51.4372177124023,-3.22295999526978,"02-07-2025"
51.4370498657227,-3.22275996208191,"02-07-2025"
51.436939239502,-3.22255992889404,"02-07-2025"
51.4367370605469,-3.2224600315094,"02-07-2025"
51.4363403320312,-3.223219871521,"02-07-2025"
51.4362487792969,-3.22351002693176,"02-07-2025"
51.4361801147461,-3.22355985641479,"02-07-2025"
51.4361381530762,-3.2236499786377,"02-07-2025"
51.436149597168,-3.22378993034363,"02-07-2025"
51.4362373352051,-3.22404980659485,"02-07-2025"
51.4361991882324,-3.22440981864929,"02-07-2025"
51.4362297058105,-3.22460985183716,"02-07-2025"
51.436149597168,-3.22447991371155,"02-07-2025"
51.4362487792969,-3.22463989257812,"02-07-2025"
51.4365196228027,-3.22482991218567,"02-07-2025"
51.4367980957031,-3.22509980201721,"02-07-2025"
51.4370193481445,-3.22515988349915,"02-07-2025"
51.4372673034668,-3.2253098487854,"02-07-2025"
51.4378089904785,-3.22546982765198,"02-07-2025"
51.4388694763184,-3.2269299030304,"02-07-2025"
51.4390487670898,-3.22728991508484,"02-07-2025"
51.4390487670898,-3.22736001014709,"02-07-2025"
51.4391479492188,-3.22757983207703,"02-07-2025"
51.4391784667969,-3.2277398109436,"02-07-2025"
51.4391670227051,-3.22802996635437,"02-07-2025"
51.4390182495117,-3.2283399105072,"02-07-2025"
51.4390296936035,-3.22881984710693,"02-07-2025"
51.4390869140625,-3.22888994216919,"02-07-2025"
51.4391174316406,-3.22879981994629,"02-07-2025"
51.4391403198242,-3.22888994216919,"02-07-2025"
51.4392471313477,-3.22890996932983,"02-07-2025"
51.4394569396973,-3.22902989387512,"02-07-2025"
51.4398002624512,-3.22932982444763,"02-07-2025"
51.4398803710938,-3.22948980331421,"02-07-2025"
51.4399375915527,-3.22965002059937,"02-07-2025"
51.4399375915527,-3.22992992401123,"02-07-2025"
51.4398880004883,-3.22994995117188,"02-07-2025"
51.4398803710938,-3.22999000549316,"02-07-2025"
51.4398994445801,-3.23001980781555,"02-07-2025"
51.4401092529297,-3.23013997077942,"02-07-2025"
51.4405784606934,-3.23011994361877,"02-07-2025"
51.4410400390625,-3.23030996322632,"02-07-2025"
51.4413871765137,-3.23034000396729,"02-07-2025"
51.4418182373047,-3.23060989379883,"02-07-2025"
51.4420471191406,-3.23080992698669,"02-07-2025"
51.4422302246094,-3.23084998130798,"02-07-2025"
51.4422378540039,-3.23081994056702,"02-07-2025"
51.4421882629395,-3.23080992698669,"02-07-2025"
51.4422073364258,-3.23081994056702,"02-07-2025"
51.4423599243164,-3.23057985305786,"02-07-2025"
51.4425468444824,-3.23036003112793,"02-07-2025"
51.4428672790527,-3.22977995872498,"02-07-2025"
51.443286895752,-3.22931981086731,"02-07-2025"
51.4434776306152,-3.22923994064331,"02-07-2025"
51.4439888000488,-3.22955989837646,"02-07-2025"
51.4444885253906,-3.23007988929749,"02-07-2025"
51.4447593688965,-3.23049998283386,"02-07-2025"
51.4449768066406,-3.23099994659424,"02-07-2025"
51.4453392028809,-3.23150992393494,"02-07-2025"
51.4454002380371,-3.23160982131958,"02-07-2025"
51.4453887939453,-3.23164987564087,"02-07-2025"
51.4453887939453,-3.2316198348999,"02-07-2025"
51.4454383850098,-3.2316198348999,"02-07-2025"
51.4454803466797,-3.23168992996216,"02-07-2025"
51.4454803466797,-3.23171997070312,"02-07-2025"
51.4455795288086,-3.23164987564087,"02-07-2025"
51.4457168579102,-3.23162984848022,"02-07-2025"
51.4460601806641,-3.2317099571228,"02-07-2025"
51.4463996887207,-3.23182988166809,"02-07-2025"
51.4466972351074,-3.23203992843628,"02-07-2025"
51.4468688964844,-3.23207998275757,"02-07-2025"
51.4470176696777,-3.23194003105164,"02-07-2025"
51.4470176696777,-3.23186993598938,"02-07-2025"
51.4469795227051,-3.2317099571228,"02-07-2025"
51.4468193054199,-3.2312798500061,"02-07-2025"
51.4464492797852,-3.23053002357483,"02-07-2025"
51.4460792541504,-3.23013997077942,"02-07-2025"
51.4460182189941,-3.23000001907349,"02-07-2025"
51.4460372924805,-3.22983002662659,"02-07-2025"
51.4463005065918,-3.22946000099182,"02-07-2025"
51.4464492797852,-3.22902989387512,"02-07-2025"
51.4456481933594,-3.2278299331665,"02-07-2025"
51.4454193115234,-3.2275698184967,"02-07-2025"
51.4447784423828,-3.22738981246948,"02-07-2025"
51.4445571899414,-3.22742986679077,"02-07-2025"
51.4443283081055,-3.22721982002258,"02-07-2025"
51.4442291259766,-3.22698998451233,"02-07-2025"
51.4440689086914,-3.22672986984253,"02-07-2025"
51.4440498352051,-3.22660994529724,"02-07-2025"
51.4440269470215,-3.22634983062744,"02-07-2025"
51.4440803527832,-3.22567987442017,"02-07-2025"
51.4440498352051,-3.22487998008728,"02-07-2025"
51.444019317627,-3.22476983070374,"02-07-2025"
51.4437599182129,-3.22442984580994,"02-07-2025"
51.4435501098633,-3.22361993789673,"02-07-2025"
51.4431991577148,-3.22315001487732,"02-07-2025"
51.4433288574219,-3.22325992584229,"02-07-2025"
51.4433670043945,-3.22334003448486,"02-07-2025"
51.4433403015137,-3.22339987754822,"02-07-2025"
51.4432106018066,-3.22340989112854,"02-07-2025"
51.4429702758789,-3.22336983680725,"02-07-2025"
51.4429092407227,-3.2233099937439,"02-07-2025"
51.4428901672363,-3.22324991226196,"02-07-2025"
51.4431800842285,-3.22312998771667,"02-07-2025"
51.443286895752,-3.22293996810913,"02-07-2025"
51.4434204101562,-3.22281980514526,"02-07-2025"
51.4436798095703,-3.22249984741211,"02-07-2025"
51.4438400268555,-3.22222995758057,"02-07-2025"
51.4444770812988,-3.2208399772644,"02-07-2025"
51.4444694519043,-3.22063994407654,"02-07-2025"
51.4443893432617,-3.22052001953125,"02-07-2025"
51.4444198608398,-3.22029995918274,"02-07-2025"
51.4445381164551,-3.22014999389648,"02-07-2025"
51.4447402954102,-3.22005987167358,"02-07-2025"
51.444938659668,-3.2197699546814,"02-07-2025"
51.4450492858887,-3.21937990188599,"02-07-2025"
51.4451103210449,-3.21898984909058,"02-07-2025"
51.4451675415039,-3.21881985664368,"02-07-2025"
51.445198059082,-3.21852993965149,"02-07-2025"
51.4453086853027,-3.21830987930298,"02-07-2025"
51.445930480957,-3.21757984161377,"02-07-2025"
51.446647644043,-3.21710991859436,"02-07-2025"
51.446849822998,-3.21691989898682,"02-07-2025"
51.4470977783203,-3.21654987335205,"02-07-2025"
51.4472389221191,-3.21619987487793,"02-07-2025"
51.4474678039551,-3.21529984474182,"02-07-2025"
51.4475288391113,-3.21485996246338,"02-07-2025"
51.4476203918457,-3.214439868927,"02-07-2025"
51.4476203918457,-3.21430993080139,"02-07-2025"
51.4475784301758,-3.21420001983643,"02-07-2025"
51.447639465332,-3.21415996551514,"02-07-2025"
51.4476089477539,-3.21414995193481,"02-07-2025"
51.4476203918457,-3.21405982971191,"02-07-2025"
51.4477577209473,-3.21398997306824,"02-07-2025"
51.4478302001953,-3.21380996704102,"02-07-2025"
51.4480400085449,-3.21263980865479,"02-07-2025"
51.4480400085449,-3.21241998672485,"02-07-2025"
51.4480094909668,-3.21221995353699,"02-07-2025"
51.4478988647461,-3.21201992034912,"02-07-2025"
51.4475898742676,-3.21161985397339,"02-07-2025"
51.4475173950195,-3.21147990226746,"02-07-2025"
51.4474792480469,-3.21128988265991,"02-07-2025"
51.4473686218262,-3.21096992492676,"02-07-2025"
51.4472885131836,-3.21076989173889,"02-07-2025"
51.4472503662109,-3.21076989173889,"02-07-2025"
51.4471778869629,-3.2106499671936,"02-07-2025"
51.4471969604492,-3.21058988571167,"02-07-2025"
51.4471778869629,-3.21029996871948,"02-07-2025"
51.4467468261719,-3.20899987220764,"02-07-2025"
51.4466094970703,-3.20824003219604,"02-07-2025"
51.4465293884277,-3.20815992355347,"02-07-2025"
51.4464073181152,-3.20814990997314,"02-07-2025"
51.4463500976562,-3.20807981491089,"02-07-2025"
51.4461402893066,-3.20729994773865,"02-07-2025"
51.4458274841309,-3.20643997192383,"02-07-2025"
51.4457473754883,-3.20627999305725,"02-07-2025"
51.4456176757812,-3.20614981651306,"02-07-2025"
51.445499420166,-3.20584988594055,"02-07-2025"
51.4454498291016,-3.20550990104675,"02-07-2025"
51.4453582763672,-3.20520997047424,"02-07-2025"
51.4452705383301,-3.20464992523193,"02-07-2025"
51.4451789855957,-3.20432996749878,"02-07-2025"
51.4447975158691,-3.20380997657776,"02-07-2025"
51.4446296691895,-3.20348000526428,"02-07-2025"
51.4449501037598,-3.20415997505188,"02-07-2025"
51.4450073242188,-3.20420980453491,"02-07-2025"
51.4450569152832,-3.20419001579285,"02-07-2025"
51.4446792602539,-3.20363998413086,"02-07-2025"
51.4444999694824,-3.20303988456726,"02-07-2025"
51.4442291259766,-3.20246982574463,"02-07-2025"
51.4441795349121,-3.20219993591309,"02-07-2025"
51.4442100524902,-3.20206999778748,"02-07-2025"
51.4442100524902,-3.20192980766296,"02-07-2025"
51.4441070556641,-3.20173001289368,"02-07-2025"
51.4445571899414,-3.19989991188049,"02-07-2025"
51.4446296691895,-3.19975996017456,"02-07-2025"
51.4446182250977,-3.19976997375488,"02-07-2025"
51.4445686340332,-3.19933986663818,"02-07-2025"
51.4446105957031,-3.19874000549316,"02-07-2025"
51.4447784423828,-3.19850993156433,"02-07-2025"
51.444766998291,-3.19837999343872,"02-07-2025"
51.4446678161621,-3.19812989234924,"02-07-2025"
51.4446296691895,-3.19783997535706,"02-07-2025"
51.4446868896484,-3.19761991500854,"02-07-2025"
51.4447402954102,-3.19719982147217,"02-07-2025"
51.4448471069336,-3.19585990905762,"02-07-2025"
51.4449768066406,-3.19488000869751,"02-07-2025"
51.4450874328613,-3.19356989860535,"02-07-2025"
51.4453277587891,-3.191890001297,"02-07-2025"
51.4454383850098,-3.1913800239563,"02-07-2025"
51.4454803466797,-3.19097995758057,"02-07-2025"
51.4454803466797,-3.19057989120483,"02-07-2025"
51.4453468322754,-3.18954992294312,"02-07-2025"
51.4453468322754,-3.18920993804932,"02-07-2025"
51.4454574584961,-3.16765999794006,"29-06-2025"
51.445728302002,-3.1673698425293,"29-06-2025"
51.4460792541504,-3.16705989837646,"29-06-2025"
51.4461784362793,-3.16696000099182,"29-06-2025"
51.4462089538574,-3.16689991950989,"29-06-2025"
51.4463005065918,-3.16682982444763,"29-06-2025"
51.4468879699707,-3.16620993614197,"29-06-2025"
51.4469985961914,-3.16612982749939,"29-06-2025"
51.4472579956055,-3.16587996482849,"29-06-2025"
51.4475479125977,-3.16552996635437,"29-06-2025"
51.4477272033691,-3.16534996032715,"29-06-2025"
51.4478073120117,-3.16524982452393,"29-06-2025"
51.4480972290039,-3.16500997543335,"29-06-2025"
51.4482688903809,-3.16488981246948,"29-06-2025"
51.4484176635742,-3.16480994224548,"29-06-2025"
51.4487380981445,-3.16472983360291,"29-06-2025"
51.4489784240723,-3.16473984718323,"29-06-2025"
51.4492874145508,-3.16478991508484,"29-06-2025"
51.4494590759277,-3.16479992866516,"29-06-2025"
51.4495582580566,-3.16482996940613,"29-06-2025"
51.4497680664062,-3.16483998298645,"29-06-2025"
51.4498977661133,-3.16488981246948,"29-06-2025"
51.4500694274902,-3.16490983963013,"29-06-2025"
51.450138092041,-3.16492986679077,"29-06-2025"
51.4502296447754,-3.16492986679077,"29-06-2025"
51.4504470825195,-3.16496992111206,"29-06-2025"
51.4505386352539,-3.16496992111206,"29-06-2025"
51.4506378173828,-3.16499996185303,"29-06-2025"
51.4506988525391,-3.16498994827271,"29-06-2025"
51.4508972167969,-3.16505002975464,"29-06-2025"
51.4511299133301,-3.16504001617432,"29-06-2025"
51.4512901306152,-3.16500997543335,"29-06-2025"
51.4515380859375,-3.16488003730774,"29-06-2025"
51.4518280029297,-3.16462993621826,"29-06-2025"
51.4519500732422,-3.16445994377136,"29-06-2025"
51.4521369934082,-3.16417980194092,"29-06-2025"
51.4522171020508,-3.16399002075195,"29-06-2025"
51.4523391723633,-3.16360998153687,"29-06-2025"
51.4524383544922,-3.16337990760803,"29-06-2025"
51.4526290893555,-3.16288995742798,"29-06-2025"
51.452808380127,-3.16251993179321,"29-06-2025"
51.4530296325684,-3.16218996047974,"29-06-2025"
51.4533500671387,-3.1618800163269,"29-06-2025"
51.4533882141113,-3.16187000274658,"29-06-2025"
51.4533805847168,-3.1618800163269,"29-06-2025"
51.4534683227539,-3.16179990768433,"29-06-2025"
51.4535675048828,-3.16175985336304,"29-06-2025"
51.4537887573242,-3.16172981262207,"29-06-2025"
51.4540100097656,-3.16172981262207,"29-06-2025"
51.4540672302246,-3.16175985336304,"29-06-2025"
51.4540901184082,-3.16174983978271,"29-06-2025"
51.4542083740234,-3.16180992126465,"29-06-2025"
51.4542503356934,-3.16181993484497,"29-06-2025"
51.45458984375,-3.16207003593445,"29-06-2025"
51.4547691345215,-3.16217994689941,"29-06-2025"
51.4548797607422,-3.16223001480103,"29-06-2025"
51.4548988342285,-3.16224980354309,"29-06-2025"
51.455249786377,-3.16240000724792,"29-06-2025"
51.4553184509277,-3.16242003440857,"29-06-2025"
51.4554176330566,-3.1624698638916,"29-06-2025"
51.4558181762695,-3.16258001327515,"29-06-2025"
51.4560089111328,-3.16258001327515,"29-06-2025"
51.4561386108398,-3.16253995895386,"29-06-2025"
51.4563293457031,-3.16251993179321,"29-06-2025"
51.4567489624023,-3.16234993934631,"29-06-2025"
51.4568901062012,-3.16226983070374,"29-06-2025"
51.4569969177246,-3.16214990615845,"29-06-2025"
51.4574089050293,-3.16181993484497,"29-06-2025"
51.4577369689941,-3.16149997711182,"29-06-2025"
51.4578475952148,-3.16145992279053,"29-06-2025"
51.4579887390137,-3.16144990921021,"29-06-2025"
51.4580688476562,-3.16138982772827,"29-06-2025"
51.4582901000977,-3.16101980209351,"29-06-2025"
51.4589385986328,-3.16010999679565,"29-06-2025"
51.4592170715332,-3.15961003303528,"29-06-2025"
51.4593696594238,-3.15944981575012,"29-06-2025"
51.4594688415527,-3.15940999984741,"29-06-2025"
51.4595375061035,-3.15934991836548,"29-06-2025"
51.4596099853516,-3.1591899394989,"29-06-2025"
51.459659576416,-3.15911984443665,"29-06-2025"
51.4599075317383,-3.15904998779297,"29-06-2025"
51.4599571228027,-3.15907001495361,"29-06-2025"
51.4601097106934,-3.15907001495361,"29-06-2025"
51.460319519043,-3.159099817276,"29-06-2025"
51.4605102539062,-3.15910983085632,"29-06-2025"
51.4606285095215,-3.15908980369568,"29-06-2025"
51.4607276916504,-3.159099817276,"29-06-2025"
51.4608192443848,-3.15903997421265,"29-06-2025"
51.4608879089355,-3.15896987915039,"29-06-2025"
51.4609680175781,-3.15885996818542,"29-06-2025"
51.4611701965332,-3.15854001045227,"29-06-2025"
51.4612083435059,-3.15849995613098,"29-06-2025"
51.461238861084,-3.15849995613098,"29-06-2025"
51.4614181518555,-3.1587598323822,"29-06-2025"
51.461540222168,-3.15896987915039,"29-06-2025"
51.4616088867188,-3.15900993347168,"29-06-2025"
51.4616775512695,-3.15899991989136,"29-06-2025"
51.4617691040039,-3.15891003608704,"29-06-2025"
51.4619789123535,-3.15855002403259,"29-06-2025"
51.4622001647949,-3.15825986862183,"29-06-2025"
51.4625968933105,-3.15764999389648,"29-06-2025"
51.4627380371094,-3.15749001502991,"29-06-2025"
51.4628868103027,-3.15725994110107,"29-06-2025"
51.4630584716797,-3.15704989433289,"29-06-2025"
51.4631576538086,-3.15689992904663,"29-06-2025"
51.4635200500488,-3.15645980834961,"29-06-2025"
51.4635887145996,-3.15643000602722,"29-06-2025"
51.4636268615723,-3.15645980834961,"29-06-2025"
51.4637870788574,-3.1566698551178,"29-06-2025"
51.4639091491699,-3.15686988830566,"29-06-2025"
51.4639472961426,-3.15690994262695,"29-06-2025"
51.4639701843262,-3.15690994262695,"29-06-2025"
51.4640083312988,-3.15687990188599,"29-06-2025"
51.4643592834473,-3.15627980232239,"29-06-2025"
51.4646797180176,-3.1556499004364,"29-06-2025"
51.4646873474121,-3.1555700302124,"29-06-2025"
51.464656829834,-3.15551996231079,"29-06-2025"
51.464527130127,-3.15535998344421,"29-06-2025"
51.4645195007324,-3.15523982048035,"29-06-2025"
51.4647102355957,-3.15481996536255,"29-06-2025"
51.4647483825684,-3.15478992462158,"29-06-2025"
51.4648094177246,-3.15482997894287,"29-06-2025"
51.4649085998535,-3.15499997138977,"29-06-2025"
51.4650192260742,-3.15524983406067,"29-06-2025"
51.4651870727539,-3.15553998947144,"29-06-2025"
51.465160369873,-3.15559983253479,"29-06-2025"
51.4650802612305,-3.15568995475769,"29-06-2025"
51.4648780822754,-3.15597987174988,"29-06-2025"
51.4647483825684,-3.15626001358032,"29-06-2025"
51.4645500183105,-3.15657997131348,"29-06-2025"
51.4643402099609,-3.1570098400116,"29-06-2025"
51.4642601013184,-3.15721988677979,"29-06-2025"
51.4642677307129,-3.15736985206604,"29-06-2025"
51.4643287658691,-3.15751981735229,"29-06-2025"
51.4643898010254,-3.15758991241455,"29-06-2025"
51.4644775390625,-3.15767002105713,"29-06-2025"
51.4646301269531,-3.15772986412048,"29-06-2025"
51.4646492004395,-3.15785002708435,"29-06-2025"
51.4646492004395,-3.15799999237061,"29-06-2025"
51.4646682739258,-3.15814995765686,"29-06-2025"
51.464656829834,-3.15817999839783,"29-06-2025"
51.464599609375,-3.15821003913879,"29-06-2025"
51.464527130127,-3.15819001197815,"29-06-2025"
51.4645080566406,-3.15820002555847,"29-06-2025"
51.4642486572266,-3.15856981277466,"29-06-2025"
51.4640274047852,-3.15896987915039,"29-06-2025"
51.4639205932617,-3.15942001342773,"29-06-2025"
51.4637680053711,-3.15961003303528,"29-06-2025"
51.4636688232422,-3.1596999168396,"29-06-2025"
51.463249206543,-3.16021990776062,"29-06-2025"
51.4631271362305,-3.16033983230591,"29-06-2025"
51.4629974365234,-3.16055989265442,"29-06-2025"
51.4629592895508,-3.16068983078003,"29-06-2025"
51.4628677368164,-3.16079998016357,"29-06-2025"
51.4627990722656,-3.16095995903015,"29-06-2025"
51.4626884460449,-3.16103982925415,"29-06-2025"
51.4626388549805,-3.16111993789673,"29-06-2025"
51.4625396728516,-3.16133999824524,"29-06-2025"
51.4625091552734,-3.16147994995117,"29-06-2025"
51.4631500244141,-3.16585993766785,"29-06-2025"
51.4631080627441,-3.16606998443604,"29-06-2025"
51.4630889892578,-3.16640996932983,"29-06-2025"
51.4631004333496,-3.16646003723145,"29-06-2025"
51.4630584716797,-3.16658997535706,"29-06-2025"
51.4630279541016,-3.16663002967834,"29-06-2025"
51.4629669189453,-3.16663980484009,"29-06-2025"
51.4629669189453,-3.16662001609802,"29-06-2025"
51.4629173278809,-3.16657996177673,"29-06-2025"
51.4628486633301,-3.16653990745544,"29-06-2025"
51.4627799987793,-3.16657996177673,"29-06-2025"
51.4627571105957,-3.16659998893738,"29-06-2025"
51.4627304077148,-3.16665983200073,"29-06-2025"
51.4627075195312,-3.1667799949646,"29-06-2025"
51.4627380371094,-3.16699981689453,"29-06-2025"
51.4627380371094,-3.16716003417969,"29-06-2025"
51.4626884460449,-3.16723990440369,"29-06-2025"
51.4625968933105,-3.16727995872498,"29-06-2025"
51.4624900817871,-3.16738986968994,"29-06-2025"
51.4624176025391,-3.16761994361877,"29-06-2025"
51.4623985290527,-3.16787981987,"29-06-2025"
51.4623985290527,-3.16815996170044,"29-06-2025"
51.462329864502,-3.16857981681824,"29-06-2025"
51.4623680114746,-3.16870999336243,"29-06-2025"
51.4624404907227,-3.16883993148804,"29-06-2025"
51.4625205993652,-3.16885995864868,"29-06-2025"
51.4625396728516,-3.16902995109558,"29-06-2025"
51.462589263916,-3.16905999183655,"29-06-2025"
51.4626579284668,-3.16908001899719,"29-06-2025"
51.4626693725586,-3.16909980773926,"29-06-2025"
51.4625587463379,-3.16922998428345,"29-06-2025"
51.4624786376953,-3.16943001747131,"29-06-2025"
51.4624176025391,-3.16950988769531,"29-06-2025"
51.4623870849609,-3.16952991485596,"29-06-2025"
51.462287902832,-3.16952991485596,"29-06-2025"
51.4622383117676,-3.16956996917725,"29-06-2025"
51.4622192382812,-3.16964983940125,"29-06-2025"
51.4622497558594,-3.16972994804382,"29-06-2025"
51.4622383117676,-3.16982984542847,"29-06-2025"
51.4620895385742,-3.1702299118042,"29-06-2025"
51.4618377685547,-3.17084002494812,"29-06-2025"
51.4617080688477,-3.17135000228882,"29-06-2025"
51.4616203308105,-3.17155981063843,"29-06-2025"
51.4615669250488,-3.17175984382629,"29-06-2025"
51.4614791870117,-3.17198991775513,"29-06-2025"
51.4612770080566,-3.17237997055054,"29-06-2025"
51.4610595703125,-3.17273998260498,"29-06-2025"
51.4609375,-3.17295980453491,"29-06-2025"
51.4608268737793,-3.17312002182007,"29-06-2025"
51.4607887268066,-3.17321991920471,"29-06-2025"
51.4606399536133,-3.17338991165161,"29-06-2025"
51.4604377746582,-3.17374992370605,"29-06-2025"
51.4602699279785,-3.17394995689392,"29-06-2025"
51.4601287841797,-3.17409992218018,"29-06-2025"
51.4599685668945,-3.17423987388611,"29-06-2025"
51.4599800109863,-3.17425990104675,"29-06-2025"
51.4599304199219,-3.17432999610901,"29-06-2025"
51.4595069885254,-3.17473983764648,"29-06-2025"
51.4588775634766,-3.17541980743408,"29-06-2025"
51.4586982727051,-3.17558002471924,"29-06-2025"
51.458568572998,-3.17577981948853,"29-06-2025"
51.4584197998047,-3.17594003677368,"29-06-2025"
51.4581680297852,-3.17615985870361,"29-06-2025"
51.4579696655273,-3.17638993263245,"29-06-2025"
51.4578285217285,-3.17658996582031,"29-06-2025"
51.4577789306641,-3.17660999298096,"29-06-2025"
51.4574203491211,-3.17702984809875,"29-06-2025"
51.4571495056152,-3.17724990844727,"29-06-2025"
51.4569702148438,-3.17746996879578,"29-06-2025"
51.4567794799805,-3.17767000198364,"29-06-2025"
51.4567184448242,-3.17770981788635,"29-06-2025"
51.4566879272461,-3.17776989936829,"29-06-2025"
51.4565277099609,-3.17791986465454,"29-06-2025"
51.4563179016113,-3.17813992500305,"29-06-2025"
51.4561080932617,-3.17833995819092,"29-06-2025"
51.4559898376465,-3.17848992347717,"29-06-2025"
51.4555969238281,-3.17891001701355,"29-06-2025"
51.455509185791,-3.17902994155884,"29-06-2025"
51.4553985595703,-3.17910003662109,"29-06-2025"
51.4552268981934,-3.17931985855103,"29-06-2025"
51.4551200866699,-3.17943000793457,"29-06-2025"
51.4547805786133,-3.17991995811462,"29-06-2025"
51.4547386169434,-3.17994999885559,"29-06-2025"
51.4546890258789,-3.18002986907959,"29-06-2025"
51.454418182373,-3.18048000335693,"29-06-2025"
51.4539489746094,-3.18112993240356,"29-06-2025"
51.4538688659668,-3.18129992485046,"29-06-2025"
51.4537887573242,-3.18154001235962,"29-06-2025"
51.453727722168,-3.18164992332458,"29-06-2025"
51.4536972045898,-3.18166995048523,"29-06-2025"
51.4536895751953,-3.18165993690491,"29-06-2025"
51.4536895751953,-3.18166995048523,"29-06-2025"
51.4535484313965,-3.1816098690033,"29-06-2025"
51.4534187316895,-3.18145990371704,"29-06-2025"
51.4533500671387,-3.1813600063324,"29-06-2025"
51.4532699584961,-3.18120002746582,"29-06-2025"
51.4531669616699,-3.18094992637634,"29-06-2025"
51.4531784057617,-3.1809298992157,"29-06-2025"
51.4531173706055,-3.18079996109009,"29-06-2025"
51.453010559082,-3.18070983886719,"29-06-2025"
51.4528274536133,-3.18048000335693,"29-06-2025"
51.4525985717773,-3.18031001091003,"29-06-2025"
51.4524879455566,-3.1802499294281,"29-06-2025"
51.4523887634277,-3.18015003204346,"29-06-2025"
51.4521903991699,-3.18000984191895,"29-06-2025"
51.4521293640137,-3.1799898147583,"29-06-2025"
51.4520797729492,-3.17999982833862,"29-06-2025"
51.4519996643066,-3.18004989624023,"29-06-2025"
51.4519195556641,-3.18018984794617,"29-06-2025"
51.451847076416,-3.18053984642029,"29-06-2025"
51.4518280029297,-3.18076992034912,"29-06-2025"
51.4517593383789,-3.18101000785828,"29-06-2025"
51.4516868591309,-3.18134999275208,"29-06-2025"
51.4517097473145,-3.18131995201111,"29-06-2025"
51.4514999389648,-3.18203997612,"29-06-2025"
51.451358795166,-3.18270993232727,"29-06-2025"
51.4513168334961,-3.18279981613159,"29-06-2025"
51.4512596130371,-3.18285989761353,"29-06-2025"
51.4512405395508,-3.18286991119385,"29-06-2025"
51.4510688781738,-3.18279981613159,"29-06-2025"
51.4509887695312,-3.18272995948792,"29-06-2025"
51.4508590698242,-3.18256998062134,"29-06-2025"
51.4506874084473,-3.18245983123779,"29-06-2025"
51.4505500793457,-3.18229985237122,"29-06-2025"
51.4504776000977,-3.18226003646851,"29-06-2025"
51.4503784179688,-3.18224000930786,"29-06-2025"
51.4502487182617,-3.18226003646851,"29-06-2025"
51.4501190185547,-3.18221998214722,"29-06-2025"
51.450008392334,-3.18220996856689,"29-06-2025"
51.449878692627,-3.18247985839844,"29-06-2025"
51.449649810791,-3.18234992027283,"29-06-2025"
51.4491882324219,-3.18206000328064,"29-06-2025"
51.4490776062012,-3.18203997612,"29-06-2025"
51.4488868713379,-3.18208003044128,"29-06-2025"
51.4488487243652,-3.18211984634399,"29-06-2025"
51.44873046875,-3.18234992027283,"29-06-2025"
51.4486274719238,-3.18265986442566,"29-06-2025"
51.4486083984375,-3.18266987800598,"29-06-2025"
51.4485969543457,-3.18264985084534,"29-06-2025"
51.4485473632812,-3.18263983726501,"29-06-2025"
51.4485168457031,-3.1826798915863,"29-06-2025"
51.4484176635742,-3.18299984931946,"29-06-2025"
51.4483604431152,-3.18322992324829,"29-06-2025"
51.4483070373535,-3.18349981307983,"29-06-2025"
51.4483184814453,-3.18373990058899,"29-06-2025"
51.4483184814453,-3.18392992019653,"29-06-2025"
51.4482879638672,-3.18401980400085,"29-06-2025"
51.4482498168945,-3.18404984474182,"29-06-2025"
51.4481582641602,-3.18405985832214,"29-06-2025"
51.4477882385254,-3.18399000167847,"29-06-2025"
51.4477272033691,-3.18402981758118,"29-06-2025"
51.4477081298828,-3.18408989906311,"29-06-2025"
51.4477577209473,-3.18434000015259,"29-06-2025"
51.4477691650391,-3.18449997901917,"29-06-2025"
51.4478073120117,-3.18485999107361,"29-06-2025"
51.4478874206543,-3.1850700378418,"29-06-2025"
51.4479179382324,-3.18510985374451,"29-06-2025"
51.4479370117188,-3.18510985374451,"29-06-2025"
51.4480285644531,-3.18505001068115,"29-06-2025"
51.4481468200684,-3.1850700378418,"29-06-2025"
51.4482192993164,-3.18520998954773,"29-06-2025"
51.4482574462891,-3.18537998199463,"29-06-2025"
51.4482688903809,-3.18534994125366,"29-06-2025"
51.4483070373535,-3.18546986579895,"29-06-2025"
51.4482688903809,-3.18550992012024,"29-06-2025"
51.4480895996094,-3.18563985824585,"29-06-2025"
51.4480476379395,-3.18564987182617,"29-06-2025"
51.4479484558105,-3.18573999404907,"29-06-2025"
51.447868347168,-3.18577980995178,"29-06-2025"
51.4478187561035,-3.18583989143372,"29-06-2025"
51.4477691650391,-3.18584990501404,"29-06-2025"
51.4473686218262,-3.18616986274719,"29-06-2025"
51.4473190307617,-3.18617987632751,"29-06-2025"
51.4472999572754,-3.18622994422913,"29-06-2025"
51.4472579956055,-3.18624997138977,"29-06-2025"
51.4471588134766,-3.18635988235474,"29-06-2025"
51.4470977783203,-3.18637990951538,"29-06-2025"
51.4470596313477,-3.18642997741699,"29-06-2025"
51.4469680786133,-3.18646001815796,"29-06-2025"
51.4469299316406,-3.18641996383667,"29-06-2025"
51.4468193054199,-3.18619990348816,"29-06-2025"
51.44677734375,-3.18599987030029,"29-06-2025"
51.4466972351074,-3.18580985069275,"29-06-2025"
51.446647644043,-3.18553996086121,"29-06-2025"
51.446647644043,-3.1852400302887,"29-06-2025"
51.4466400146484,-3.18518996238708,"29-06-2025"
51.4466285705566,-3.18496990203857,"29-06-2025"
51.4465484619141,-3.18447995185852,"29-06-2025"
51.4465179443359,-3.18394994735718,"29-06-2025"
51.4464683532715,-3.18350982666016,"29-06-2025"
51.4464569091797,-3.18292999267578,"29-06-2025"
51.4464797973633,-3.18241000175476,"29-06-2025"
51.4464683532715,-3.18231987953186,"29-06-2025"
51.4463272094727,-3.18209981918335,"29-06-2025"
51.4463195800781,-3.1817798614502,"29-06-2025"
51.4460372924805,-3.17992997169495,"29-06-2025"
51.4460182189941,-3.17968988418579,"29-06-2025"
51.4459495544434,-3.17927980422974,"29-06-2025"
51.4458885192871,-3.17869997024536,"29-06-2025"
51.4458084106445,-3.17829990386963,"29-06-2025"
51.4457778930664,-3.17778992652893,"29-06-2025"
51.4456787109375,-3.17739987373352,"29-06-2025"
51.4456787109375,-3.17736983299255,"29-06-2025"
51.4456901550293,-3.17736983299255,"29-06-2025"
51.4455375671387,-3.17671990394592,"29-06-2025"
51.4454574584961,-3.17572999000549,"29-06-2025"
51.4454498291016,-3.17548990249634,"29-06-2025"
51.4454574584961,-3.17543983459473,"29-06-2025"
51.4454574584961,-3.1754298210144,"29-06-2025"
51.4454383850098,-3.17544984817505,"29-06-2025"
51.445426940918,-3.1752598285675,"29-06-2025"
51.4454498291016,-3.17365980148315,"29-06-2025"
51.4455070495605,-3.17344999313354,"29-06-2025"
51.4454803466797,-3.17322993278503,"29-06-2025"
51.445499420166,-3.17305994033813,"29-06-2025"
51.445499420166,-3.17290997505188,"29-06-2025"
51.4454498291016,-3.1728298664093,"29-06-2025"
51.4454002380371,-3.17278981208801,"29-06-2025"
51.4453277587891,-3.17277002334595,"29-06-2025"
51.4452896118164,-3.17270994186401,"29-06-2025"
51.4453392028809,-3.17226982116699,"29-06-2025"
51.4453277587891,-3.17233991622925,"29-06-2025"
51.4453887939453,-3.17210984230042,"29-06-2025"
51.4454879760742,-3.17125988006592,"29-06-2025"
51.4455070495605,-3.17120981216431,"29-06-2025"
51.4455871582031,-3.17123985290527,"29-06-2025"
51.4456787109375,-3.17131996154785,"29-06-2025"
51.4457778930664,-3.17138981819153,"29-06-2025"
51.4458274841309,-3.17137980461121,"29-06-2025"
51.445858001709,-3.1713399887085,"29-06-2025"
51.4459571838379,-3.17085981369019,"29-06-2025"
51.4459991455078,-3.17045998573303,"29-06-2025"
51.4460182189941,-3.17037987709045,"29-06-2025"
51.4460678100586,-3.17030000686646,"29-06-2025"
51.4460868835449,-3.17017984390259,"29-06-2025"
51.4461097717285,-3.16996002197266,"29-06-2025"
51.4461479187012,-3.16978001594543,"29-06-2025"
51.4461479187012,-3.16968989372253,"29-06-2025"
51.446117401123,-3.1696298122406,"29-06-2025"
51.4460601806641,-3.16957998275757,"29-06-2025"
51.4459991455078,-3.16952991485596,"29-06-2025"
51.445858001709,-3.16950988769531,"29-06-2025"
51.4458084106445,-3.16944003105164,"29-06-2025"
51.445426940918,-3.1692898273468,"29-06-2025"
51.4452705383301,-3.16927003860474,"29-06-2025"
51.445240020752,-3.16925001144409,"29-06-2025"
51.4452171325684,-3.16914987564087,"29-06-2025"
51.4454574584961,-3.16765999794006,"29-06-2025"
51.445728302002,-3.1673698425293,"29-06-2025"
51.4460792541504,-3.16705989837646,"29-06-2025"
51.4461784362793,-3.16696000099182,"29-06-2025"
51.4462089538574,-3.16689991950989,"29-06-2025"
51.4463005065918,-3.16682982444763,"29-06-2025"
51.4468879699707,-3.16620993614197,"29-06-2025"
51.4469985961914,-3.16612982749939,"29-06-2025"
51.4472579956055,-3.16587996482849,"29-06-2025"
51.4475479125977,-3.16552996635437,"29-06-2025"
51.4477272033691,-3.16534996032715,"29-06-2025"
51.4478073120117,-3.16524982452393,"29-06-2025"
51.4480972290039,-3.16500997543335,"29-06-2025"
51.4482688903809,-3.16488981246948,"29-06-2025"
51.4484176635742,-3.16480994224548,"29-06-2025"
51.4487380981445,-3.16472983360291,"29-06-2025"
51.4489784240723,-3.16473984718323,"29-06-2025"
51.4492874145508,-3.16478991508484,"29-06-2025"
51.4494590759277,-3.16479992866516,"29-06-2025"
51.4495582580566,-3.16482996940613,"29-06-2025"
51.4497680664062,-3.16483998298645,"29-06-2025"
51.4498977661133,-3.16488981246948,"29-06-2025"
51.4500694274902,-3.16490983963013,"29-06-2025"
51.450138092041,-3.16492986679077,"29-06-2025"
51.4502296447754,-3.16492986679077,"29-06-2025"
51.4504470825195,-3.16496992111206,"29-06-2025"
51.4505386352539,-3.16496992111206,"29-06-2025"
51.4506378173828,-3.16499996185303,"29-06-2025"
51.4506988525391,-3.16498994827271,"29-06-2025"
51.4508972167969,-3.16505002975464,"29-06-2025"
51.4511299133301,-3.16504001617432,"29-06-2025"
51.4512901306152,-3.16500997543335,"29-06-2025"
51.4515380859375,-3.16488003730774,"29-06-2025"
51.4518280029297,-3.16462993621826,"29-06-2025"
51.4519500732422,-3.16445994377136,"29-06-2025"
51.4521369934082,-3.16417980194092,"29-06-2025"
51.4522171020508,-3.16399002075195,"29-06-2025"
51.4523391723633,-3.16360998153687,"29-06-2025"
51.4524383544922,-3.16337990760803,"29-06-2025"
51.4526290893555,-3.16288995742798,"29-06-2025"
51.452808380127,-3.16251993179321,"29-06-2025"
51.4530296325684,-3.16218996047974,"29-06-2025"
51.4533500671387,-3.1618800163269,"29-06-2025"
51.4533882141113,-3.16187000274658,"29-06-2025"
51.4533805847168,-3.1618800163269,"29-06-2025"
51.4534683227539,-3.16179990768433,"29-06-2025"
51.4535675048828,-3.16175985336304,"29-06-2025"
51.4537887573242,-3.16172981262207,"29-06-2025"
51.4540100097656,-3.16172981262207,"29-06-2025"
51.4540672302246,-3.16175985336304,"29-06-2025"
51.4540901184082,-3.16174983978271,"29-06-2025"
51.4542083740234,-3.16180992126465,"29-06-2025"
51.4542503356934,-3.16181993484497,"29-06-2025"
51.45458984375,-3.16207003593445,"29-06-2025"
51.4547691345215,-3.16217994689941,"29-06-2025"
51.4548797607422,-3.16223001480103,"29-06-2025"
51.4548988342285,-3.16224980354309,"29-06-2025"
51.455249786377,-3.16240000724792,"29-06-2025"
51.4553184509277,-3.16242003440857,"29-06-2025"
51.4554176330566,-3.1624698638916,"29-06-2025"
51.4558181762695,-3.16258001327515,"29-06-2025"
51.4560089111328,-3.16258001327515,"29-06-2025"
51.4561386108398,-3.16253995895386,"29-06-2025"
51.4563293457031,-3.16251993179321,"29-06-2025"
51.4567489624023,-3.16234993934631,"29-06-2025"
51.4568901062012,-3.16226983070374,"29-06-2025"
51.4569969177246,-3.16214990615845,"29-06-2025"
51.4574089050293,-3.16181993484497,"29-06-2025"
51.4577369689941,-3.16149997711182,"29-06-2025"
51.4578475952148,-3.16145992279053,"29-06-2025"
51.4579887390137,-3.16144990921021,"29-06-2025"
51.4580688476562,-3.16138982772827,"29-06-2025"
51.4582901000977,-3.16101980209351,"29-06-2025"
51.4589385986328,-3.16010999679565,"29-06-2025"
51.4592170715332,-3.15961003303528,"29-06-2025"
51.4593696594238,-3.15944981575012,"29-06-2025"
51.4594688415527,-3.15940999984741,"29-06-2025"
51.4595375061035,-3.15934991836548,"29-06-2025"
51.4596099853516,-3.1591899394989,"29-06-2025"
51.459659576416,-3.15911984443665,"29-06-2025"
51.4599075317383,-3.15904998779297,"29-06-2025"
51.4599571228027,-3.15907001495361,"29-06-2025"
51.4601097106934,-3.15907001495361,"29-06-2025"
51.460319519043,-3.159099817276,"29-06-2025"
51.4605102539062,-3.15910983085632,"29-06-2025"
51.4606285095215,-3.15908980369568,"29-06-2025"
51.4607276916504,-3.159099817276,"29-06-2025"
51.4608192443848,-3.15903997421265,"29-06-2025"
51.4608879089355,-3.15896987915039,"29-06-2025"
51.4609680175781,-3.15885996818542,"29-06-2025"
51.4611701965332,-3.15854001045227,"29-06-2025"
51.4612083435059,-3.15849995613098,"29-06-2025"
51.461238861084,-3.15849995613098,"29-06-2025"
51.4614181518555,-3.1587598323822,"29-06-2025"
51.461540222168,-3.15896987915039,"29-06-2025"
51.4616088867188,-3.15900993347168,"29-06-2025"
51.4616775512695,-3.15899991989136,"29-06-2025"
51.4617691040039,-3.15891003608704,"29-06-2025"
51.4619789123535,-3.15855002403259,"29-06-2025"
51.4622001647949,-3.15825986862183,"29-06-2025"
51.4625968933105,-3.15764999389648,"29-06-2025"
51.4627380371094,-3.15749001502991,"29-06-2025"
51.4628868103027,-3.15725994110107,"29-06-2025"
51.4630584716797,-3.15704989433289,"29-06-2025"
51.4631576538086,-3.15689992904663,"29-06-2025"
51.4635200500488,-3.15645980834961,"29-06-2025"
51.4635887145996,-3.15643000602722,"29-06-2025"
51.4636268615723,-3.15645980834961,"29-06-2025"
51.4637870788574,-3.1566698551178,"29-06-2025"
51.4639091491699,-3.15686988830566,"29-06-2025"
51.4639472961426,-3.15690994262695,"29-06-2025"
51.4639701843262,-3.15690994262695,"29-06-2025"
51.4640083312988,-3.15687990188599,"29-06-2025"
51.4643592834473,-3.15627980232239,"29-06-2025"
51.4646797180176,-3.1556499004364,"29-06-2025"
51.4646873474121,-3.1555700302124,"29-06-2025"
51.464656829834,-3.15551996231079,"29-06-2025"
51.464527130127,-3.15535998344421,"29-06-2025"
51.4645195007324,-3.15523982048035,"29-06-2025"
51.4647102355957,-3.15481996536255,"29-06-2025"
51.4647483825684,-3.15478992462158,"29-06-2025"
51.4648094177246,-3.15482997894287,"29-06-2025"
51.4649085998535,-3.15499997138977,"29-06-2025"
51.4650192260742,-3.15524983406067,"29-06-2025"
51.4651870727539,-3.15553998947144,"29-06-2025"
51.465160369873,-3.15559983253479,"29-06-2025"
51.4650802612305,-3.15568995475769,"29-06-2025"
51.4648780822754,-3.15597987174988,"29-06-2025"
51.4647483825684,-3.15626001358032,"29-06-2025"
51.4645500183105,-3.15657997131348,"29-06-2025"
51.4643402099609,-3.1570098400116,"29-06-2025"
51.4642601013184,-3.15721988677979,"29-06-2025"
51.4642677307129,-3.15736985206604,"29-06-2025"
51.4643287658691,-3.15751981735229,"29-06-2025"
51.4643898010254,-3.15758991241455,"29-06-2025"
51.4644775390625,-3.15767002105713,"29-06-2025"
51.4646301269531,-3.15772986412048,"29-06-2025"
51.4646492004395,-3.15785002708435,"29-06-2025"
51.4646492004395,-3.15799999237061,"29-06-2025"
51.4646682739258,-3.15814995765686,"29-06-2025"
51.464656829834,-3.15817999839783,"29-06-2025"
51.464599609375,-3.15821003913879,"29-06-2025"
51.464527130127,-3.15819001197815,"29-06-2025"
51.4645080566406,-3.15820002555847,"29-06-2025"
51.4642486572266,-3.15856981277466,"29-06-2025"
51.4640274047852,-3.15896987915039,"29-06-2025"
51.4639205932617,-3.15942001342773,"29-06-2025"
51.4637680053711,-3.15961003303528,"29-06-2025"
51.4636688232422,-3.1596999168396,"29-06-2025"
51.463249206543,-3.16021990776062,"29-06-2025"
51.4631271362305,-3.16033983230591,"29-06-2025"
51.4629974365234,-3.16055989265442,"29-06-2025"
51.4629592895508,-3.16068983078003,"29-06-2025"
51.4628677368164,-3.16079998016357,"29-06-2025"
51.4627990722656,-3.16095995903015,"29-06-2025"
51.4626884460449,-3.16103982925415,"29-06-2025"
51.4626388549805,-3.16111993789673,"29-06-2025"
51.4625396728516,-3.16133999824524,"29-06-2025"
51.4625091552734,-3.16147994995117,"29-06-2025"
51.4631500244141,-3.16585993766785,"29-06-2025"
51.4631080627441,-3.16606998443604,"29-06-2025"
51.4630889892578,-3.16640996932983,"29-06-2025"
51.4631004333496,-3.16646003723145,"29-06-2025"
51.4630584716797,-3.16658997535706,"29-06-2025"
51.4630279541016,-3.16663002967834,"29-06-2025"
51.4629669189453,-3.16663980484009,"29-06-2025"
51.4629669189453,-3.16662001609802,"29-06-2025"
51.4629173278809,-3.16657996177673,"29-06-2025"
51.4628486633301,-3.16653990745544,"29-06-2025"
51.4627799987793,-3.16657996177673,"29-06-2025"
51.4627571105957,-3.16659998893738,"29-06-2025"
51.4627304077148,-3.16665983200073,"29-06-2025"
51.4627075195312,-3.1667799949646,"29-06-2025"
51.4627380371094,-3.16699981689453,"29-06-2025"
51.4627380371094,-3.16716003417969,"29-06-2025"
51.4626884460449,-3.16723990440369,"29-06-2025"
51.4625968933105,-3.16727995872498,"29-06-2025"
51.4624900817871,-3.16738986968994,"29-06-2025"
51.4624176025391,-3.16761994361877,"29-06-2025"
51.4623985290527,-3.16787981987,"29-06-2025"
51.4623985290527,-3.16815996170044,"29-06-2025"
51.462329864502,-3.16857981681824,"29-06-2025"
51.4623680114746,-3.16870999336243,"29-06-2025"
51.4624404907227,-3.16883993148804,"29-06-2025"
51.4625205993652,-3.16885995864868,"29-06-2025"
51.4625396728516,-3.16902995109558,"29-06-2025"
51.462589263916,-3.16905999183655,"29-06-2025"
51.4626579284668,-3.16908001899719,"29-06-2025"
51.4626693725586,-3.16909980773926,"29-06-2025"
51.4625587463379,-3.16922998428345,"29-06-2025"
51.4624786376953,-3.16943001747131,"29-06-2025"
51.4624176025391,-3.16950988769531,"29-06-2025"
51.4623870849609,-3.16952991485596,"29-06-2025"
51.462287902832,-3.16952991485596,"29-06-2025"
51.4622383117676,-3.16956996917725,"29-06-2025"
51.4622192382812,-3.16964983940125,"29-06-2025"
51.4622497558594,-3.16972994804382,"29-06-2025"
51.4622383117676,-3.16982984542847,"29-06-2025"
51.4620895385742,-3.1702299118042,"29-06-2025"
51.4618377685547,-3.17084002494812,"29-06-2025"
51.4617080688477,-3.17135000228882,"29-06-2025"
51.4616203308105,-3.17155981063843,"29-06-2025"
51.4615669250488,-3.17175984382629,"29-06-2025"
51.4614791870117,-3.17198991775513,"29-06-2025"
51.4612770080566,-3.17237997055054,"29-06-2025"
51.4610595703125,-3.17273998260498,"29-06-2025"
51.4609375,-3.17295980453491,"29-06-2025"
51.4608268737793,-3.17312002182007,"29-06-2025"
51.4607887268066,-3.17321991920471,"29-06-2025"
51.4606399536133,-3.17338991165161,"29-06-2025"
51.4604377746582,-3.17374992370605,"29-06-2025"
51.4602699279785,-3.17394995689392,"29-06-2025"
51.4601287841797,-3.17409992218018,"29-06-2025"
51.4599685668945,-3.17423987388611,"29-06-2025"
51.4599800109863,-3.17425990104675,"29-06-2025"
51.4599304199219,-3.17432999610901,"29-06-2025"
51.4595069885254,-3.17473983764648,"29-06-2025"
51.4588775634766,-3.17541980743408,"29-06-2025"
51.4586982727051,-3.17558002471924,"29-06-2025"
51.458568572998,-3.17577981948853,"29-06-2025"
51.4584197998047,-3.17594003677368,"29-06-2025"
51.4581680297852,-3.17615985870361,"29-06-2025"
51.4579696655273,-3.17638993263245,"29-06-2025"
51.4578285217285,-3.17658996582031,"29-06-2025"
51.4577789306641,-3.17660999298096,"29-06-2025"
51.4574203491211,-3.17702984809875,"29-06-2025"
51.4571495056152,-3.17724990844727,"29-06-2025"
51.4569702148438,-3.17746996879578,"29-06-2025"
51.4567794799805,-3.17767000198364,"29-06-2025"
51.4567184448242,-3.17770981788635,"29-06-2025"
51.4566879272461,-3.17776989936829,"29-06-2025"
51.4565277099609,-3.17791986465454,"29-06-2025"
51.4563179016113,-3.17813992500305,"29-06-2025"
51.4561080932617,-3.17833995819092,"29-06-2025"
51.4559898376465,-3.17848992347717,"29-06-2025"
51.4555969238281,-3.17891001701355,"29-06-2025"
51.455509185791,-3.17902994155884,"29-06-2025"
51.4553985595703,-3.17910003662109,"29-06-2025"
51.4552268981934,-3.17931985855103,"29-06-2025"
51.4551200866699,-3.17943000793457,"29-06-2025"
51.4547805786133,-3.17991995811462,"29-06-2025"
51.4547386169434,-3.17994999885559,"29-06-2025"
51.4546890258789,-3.18002986907959,"29-06-2025"
51.454418182373,-3.18048000335693,"29-06-2025"
51.4539489746094,-3.18112993240356,"29-06-2025"
51.4538688659668,-3.18129992485046,"29-06-2025"
51.4537887573242,-3.18154001235962,"29-06-2025"
51.453727722168,-3.18164992332458,"29-06-2025"
51.4536972045898,-3.18166995048523,"29-06-2025"
51.4536895751953,-3.18165993690491,"29-06-2025"
51.4536895751953,-3.18166995048523,"29-06-2025"
51.4535484313965,-3.1816098690033,"29-06-2025"
51.4534187316895,-3.18145990371704,"29-06-2025"
51.4533500671387,-3.1813600063324,"29-06-2025"
51.4532699584961,-3.18120002746582,"29-06-2025"
51.4531669616699,-3.18094992637634,"29-06-2025"
51.4531784057617,-3.1809298992157,"29-06-2025"
51.4531173706055,-3.18079996109009,"29-06-2025"
51.453010559082,-3.18070983886719,"29-06-2025"
51.4528274536133,-3.18048000335693,"29-06-2025"
51.4525985717773,-3.18031001091003,"29-06-2025"
51.4524879455566,-3.1802499294281,"29-06-2025"
51.4523887634277,-3.18015003204346,"29-06-2025"
51.4521903991699,-3.18000984191895,"29-06-2025"
51.4521293640137,-3.1799898147583,"29-06-2025"
51.4520797729492,-3.17999982833862,"29-06-2025"
51.4519996643066,-3.18004989624023,"29-06-2025"
51.4519195556641,-3.18018984794617,"29-06-2025"
51.451847076416,-3.18053984642029,"29-06-2025"
51.4518280029297,-3.18076992034912,"29-06-2025"
51.4517593383789,-3.18101000785828,"29-06-2025"
51.4516868591309,-3.18134999275208,"29-06-2025"
51.4517097473145,-3.18131995201111,"29-06-2025"
51.4514999389648,-3.18203997612,"29-06-2025"
51.451358795166,-3.18270993232727,"29-06-2025"
51.4513168334961,-3.18279981613159,"29-06-2025"
51.4512596130371,-3.18285989761353,"29-06-2025"
51.4512405395508,-3.18286991119385,"29-06-2025"
51.4510688781738,-3.18279981613159,"29-06-2025"
51.4509887695312,-3.18272995948792,"29-06-2025"
51.4508590698242,-3.18256998062134,"29-06-2025"
51.4506874084473,-3.18245983123779,"29-06-2025"
51.4505500793457,-3.18229985237122,"29-06-2025"
51.4504776000977,-3.18226003646851,"29-06-2025"
51.4503784179688,-3.18224000930786,"29-06-2025"
51.4502487182617,-3.18226003646851,"29-06-2025"
51.4501190185547,-3.18221998214722,"29-06-2025"
51.450008392334,-3.18220996856689,"29-06-2025"
51.449878692627,-3.18247985839844,"29-06-2025"
51.449649810791,-3.18234992027283,"29-06-2025"
51.4491882324219,-3.18206000328064,"29-06-2025"
51.4490776062012,-3.18203997612,"29-06-2025"
51.4488868713379,-3.18208003044128,"29-06-2025"
51.4488487243652,-3.18211984634399,"29-06-2025"
51.44873046875,-3.18234992027283,"29-06-2025"
51.4486274719238,-3.18265986442566,"29-06-2025"
51.4486083984375,-3.18266987800598,"29-06-2025"
51.4485969543457,-3.18264985084534,"29-06-2025"
51.4485473632812,-3.18263983726501,"29-06-2025"
51.4485168457031,-3.1826798915863,"29-06-2025"
51.4484176635742,-3.18299984931946,"29-06-2025"
51.4483604431152,-3.18322992324829,"29-06-2025"
51.4483070373535,-3.18349981307983,"29-06-2025"
51.4483184814453,-3.18373990058899,"29-06-2025"
51.4483184814453,-3.18392992019653,"29-06-2025"
51.4482879638672,-3.18401980400085,"29-06-2025"
51.4482498168945,-3.18404984474182,"29-06-2025"
51.4481582641602,-3.18405985832214,"29-06-2025"
51.4477882385254,-3.18399000167847,"29-06-2025"
51.4477272033691,-3.18402981758118,"29-06-2025"
51.4477081298828,-3.18408989906311,"29-06-2025"
51.4477577209473,-3.18434000015259,"29-06-2025"
51.4477691650391,-3.18449997901917,"29-06-2025"
51.4478073120117,-3.18485999107361,"29-06-2025"
51.4478874206543,-3.1850700378418,"29-06-2025"
51.4479179382324,-3.18510985374451,"29-06-2025"
51.4479370117188,-3.18510985374451,"29-06-2025"
51.4480285644531,-3.18505001068115,"29-06-2025"
51.4481468200684,-3.1850700378418,"29-06-2025"
51.4482192993164,-3.18520998954773,"29-06-2025"
51.4482574462891,-3.18537998199463,"29-06-2025"
51.4482688903809,-3.18534994125366,"29-06-2025"
51.4483070373535,-3.18546986579895,"29-06-2025"
51.4482688903809,-3.18550992012024,"29-06-2025"
51.4480895996094,-3.18563985824585,"29-06-2025"
51.4480476379395,-3.18564987182617,"29-06-2025"
51.4479484558105,-3.18573999404907,"29-06-2025"
51.447868347168,-3.18577980995178,"29-06-2025"
51.4478187561035,-3.18583989143372,"29-06-2025"
51.4477691650391,-3.18584990501404,"29-06-2025"
51.4473686218262,-3.18616986274719,"29-06-2025"
51.4473190307617,-3.18617987632751,"29-06-2025"
51.4472999572754,-3.18622994422913,"29-06-2025"
51.4472579956055,-3.18624997138977,"29-06-2025"
51.4471588134766,-3.18635988235474,"29-06-2025"
51.4470977783203,-3.18637990951538,"29-06-2025"
51.4470596313477,-3.18642997741699,"29-06-2025"
51.4469680786133,-3.18646001815796,"29-06-2025"
51.4469299316406,-3.18641996383667,"29-06-2025"
51.4468193054199,-3.18619990348816,"29-06-2025"
51.44677734375,-3.18599987030029,"29-06-2025"
51.4466972351074,-3.18580985069275,"29-06-2025"
51.446647644043,-3.18553996086121,"29-06-2025"
51.446647644043,-3.1852400302887,"29-06-2025"
51.4466400146484,-3.18518996238708,"29-06-2025"
51.4466285705566,-3.18496990203857,"29-06-2025"
51.4465484619141,-3.18447995185852,"29-06-2025"
51.4465179443359,-3.18394994735718,"29-06-2025"
51.4464683532715,-3.18350982666016,"29-06-2025"
51.4464569091797,-3.18292999267578,"29-06-2025"
51.4464797973633,-3.18241000175476,"29-06-2025"
51.4464683532715,-3.18231987953186,"29-06-2025"
51.4463272094727,-3.18209981918335,"29-06-2025"
51.4463195800781,-3.1817798614502,"29-06-2025"
51.4460372924805,-3.17992997169495,"29-06-2025"
51.4460182189941,-3.17968988418579,"29-06-2025"
51.4459495544434,-3.17927980422974,"29-06-2025"
51.4458885192871,-3.17869997024536,"29-06-2025"
51.4458084106445,-3.17829990386963,"29-06-2025"
51.4457778930664,-3.17778992652893,"29-06-2025"
51.4456787109375,-3.17739987373352,"29-06-2025"
51.4456787109375,-3.17736983299255,"29-06-2025"
51.4456901550293,-3.17736983299255,"29-06-2025"
51.4455375671387,-3.17671990394592,"29-06-2025"
51.4454574584961,-3.17572999000549,"29-06-2025"
51.4454498291016,-3.17548990249634,"29-06-2025"
51.4454574584961,-3.17543983459473,"29-06-2025"
51.4454574584961,-3.1754298210144,"29-06-2025"
51.4454383850098,-3.17544984817505,"29-06-2025"
51.445426940918,-3.1752598285675,"29-06-2025"
51.4454498291016,-3.17365980148315,"29-06-2025"
51.4455070495605,-3.17344999313354,"29-06-2025"
51.4454803466797,-3.17322993278503,"29-06-2025"
51.445499420166,-3.17305994033813,"29-06-2025"
51.445499420166,-3.17290997505188,"29-06-2025"
51.4454498291016,-3.1728298664093,"29-06-2025"
51.4454002380371,-3.17278981208801,"29-06-2025"
51.4453277587891,-3.17277002334595,"29-06-2025"
51.4452896118164,-3.17270994186401,"29-06-2025"
51.4453392028809,-3.17226982116699,"29-06-2025"
51.4453277587891,-3.17233991622925,"29-06-2025"
51.4453887939453,-3.17210984230042,"29-06-2025"
51.4454879760742,-3.17125988006592,"29-06-2025"
51.4455070495605,-3.17120981216431,"29-06-2025"
51.4455871582031,-3.17123985290527,"29-06-2025"
51.4456787109375,-3.17131996154785,"29-06-2025"
51.4457778930664,-3.17138981819153,"29-06-2025"
51.4458274841309,-3.17137980461121,"29-06-2025"
51.445858001709,-3.1713399887085,"29-06-2025"
51.4459571838379,-3.17085981369019,"29-06-2025"
51.4459991455078,-3.17045998573303,"29-06-2025"
51.4460182189941,-3.17037987709045,"29-06-2025"
51.4460678100586,-3.17030000686646,"29-06-2025"
51.4460868835449,-3.17017984390259,"29-06-2025"
51.4461097717285,-3.16996002197266,"29-06-2025"
51.4461479187012,-3.16978001594543,"29-06-2025"
51.4461479187012,-3.16968989372253,"29-06-2025"
51.446117401123,-3.1696298122406,"29-06-2025"
51.4460601806641,-3.16957998275757,"29-06-2025"
51.4459991455078,-3.16952991485596,"29-06-2025"
51.445858001709,-3.16950988769531,"29-06-2025"
51.4458084106445,-3.16944003105164,"29-06-2025"
51.445426940918,-3.1692898273468,"29-06-2025"
51.4452705383301,-3.16927003860474,"29-06-2025"
51.445240020752,-3.16925001144409,"29-06-2025"
51.4452171325684,-3.16914987564087,"29-06-2025"
